time	event	lat	lng	x	y	accuracy
1425807601905	gps	52.8918394446373	-1.1565909069031477	-128751.11081258889	6928916.392419561	15
1425807603554	gps	52.89162402972579	-1.1563650146126747	-128725.96459783931	6928876.743355317	20
1425807604556	gps	52.89164540357888	-1.1564281303435564	-128732.99060886209	6928880.677397592	20
1425807605536	gps	52.89166518487036	-1.1564258672297	-128732.73868018	6928884.318316881	25
1425807606635	gps	52.891686810180545	-1.1564204189926386	-128732.1321852046	6928888.298645813	25
1425807607643	gps	52.891696114093065	-1.156401140615344	-128729.98612606086	6928890.011113527	25
1425807608643	gps	52.891714721918106	-1.1563945189118385	-128729.24900139844	6928893.43605006	30
1425807609548	gps	52.89174229837954	-1.156402062624693	-128730.08876367207	6928898.51174701	30
1425807610540	gps	52.89176216349006	-1.1564070917665958	-128730.64860518785	6928902.1681021415	30
1425807611550	gps	52.89178529754281	-1.1564200837165117	-128732.09486243688	6928906.426138089	30
1425807612558	gps	52.891810233704746	-1.1564492527395487	-128735.3419432283	6928911.015871422	30
1425807613581	gps	52.89183516986668	-1.1564529407769442	-128735.75249367318	6928915.60560741	30
1425807614588	gps	52.891860022209585	-1.1564609035849571	-128736.63890940648	6928920.1799183525	30
1425807615585	gps	52.891875403001904	-1.1564639210700989	-128736.97481431592	6928923.01090132	30
1425807616589	gps	52.89188738912344	-1.1564582213759422	-128736.34032726473	6928925.217063133	30
1425807617589	gps	52.89188948459923	-1.1564578022807837	-128736.29367380509	6928925.60275582	30
1425807618629	gps	52.89188608992845	-1.1564705427736044	-128737.71193897833	6928924.977933676	30
1425807619581	gps	52.891918905079365	-1.1565073393285275	-128741.80811273532	6928931.017883132	30
1425807620572	gps	52.89193684235215	-1.1565287131816149	-128744.1874391773	6928934.319415556	30
1425807621574	gps	52.891937722451985	-1.1565498355776072	-128746.5387735435	6928934.481406669	25
1425807622576	gps	52.89193466305733	-1.156558720394969	-128747.527826888	6928933.918294721	25
1425807623578	gps	52.891930430196226	-1.1565744783729315	-128749.28199697072	6928933.139194695	25
1425807624612	gps	52.89192866999656	-1.156598199158907	-128751.92258278673	6928932.81521253	25
1425807625580	gps	52.891926490701735	-1.1566130351275206	-128753.57411525823	6928932.41409177	25
1425807626571	gps	52.89191932417452	-1.1566262785345316	-128755.04836458307	6928931.095021724	25
1425807627572	gps	52.891913121566176	-1.1566331516951323	-128755.81348132127	6928929.953370633	25
1425807628570	gps	52.89191148709506	-1.1566438805311918	-128757.00780988822	6928929.65253017	25
1425807629577	gps	52.89190985262394	-1.1566524300724268	-128757.95954046502	6928929.35168972	25
1425807630613	gps	52.89192175492644	-1.1566742230206728	-128760.38552036665	6928931.542425576	25
1425807631605	gps	52.89191680960357	-1.1566603928804398	-128758.8459561983	6928930.632190181	25
1425807632608	gps	52.89191194809973	-1.1566628236323595	-128759.11654626425	6928929.7373826085	25
1425807633615	gps	52.89190365001559	-1.1566691100597382	-128759.81634815896	6928928.210038881	25
1425807634611	gps	52.89190365001559	-1.1566691100597382	-128759.81634815896	6928928.210038881	25
1425807635612	gps	52.89190365001559	-1.1566691100597382	-128759.81634815896	6928928.210038881	25
1425807636614	gps	52.89190365001559	-1.1566691100597382	-128759.81634815896	6928928.210038881	25
1425807637618	gps	52.891913121566176	-1.1566882207989693	-128761.94374591885	6928929.953370633	25
1425807638620	gps	52.8919229703024	-1.15669216029346	-128762.38228843952	6928931.76612751	25
1425807639620	gps	52.89192934054881	-1.1566943395882845	-128762.62488642968	6928932.938634305	25
1425807640626	gps	52.891929717734456	-1.1566986981779337	-128763.11008241001	6928933.008059056	25
1425807641626	gps	52.89192636497319	-1.156706577166915	-128763.98716745137	6928932.39095019	25
1425807642626	gps	52.89192732889205	-1.1566874664276838	-128761.85976969148	6928932.568368983	25
1425807643627	gps	52.89192359894514	-1.1566727980971336	-128760.22689860385	6928931.881835409	25
1425807644629	gps	52.89191706106067	-1.156666511669755	-128759.52709670915	6928930.678473334	20
1425807645631	gps	52.89190549403429	-1.1566469818353653	-128757.35304548961	6928928.549448573	25
1425807646634	gps	52.89190197363496	-1.15664379671216	-128756.9984791963	6928927.901484628	25
1425807647637	gps	52.891902811825275	-1.1566674336791039	-128759.62973432038	6928928.055761753	25
1425807648637	gps	52.8919197851792	-1.156685370951891	-128761.62650239325	6928931.179874177	25
1425807649646	gps	52.89192028809339	-1.156687131151557	-128761.82244692376	6928931.27244049	25
1425807650560	gps	52.89192188065499	-1.1566819343715906	-128761.24394402414	6928931.565567154	25
1425807651649	gps	52.8919248143211	-1.1566695291548967	-128759.86300161859	6928932.105537354	25
1425807652557	gps	52.8919248143211	-1.1566695291548967	-128759.86300161859	6928932.105537354	25
1425807653561	gps	52.8919248143211	-1.1566695291548967	-128759.86300161859	6928932.105537354	25
1425807656564	gps	52.891912828199565	-1.1566341575235128	-128755.92544962442	6928929.899373626	25
1425807657570	gps	52.89191936608404	-1.1566249374300241	-128754.8990735122	6928931.102735585	25
1425807658576	gps	52.89192238356918	-1.1566263623535633	-128755.05769527498	6928931.658133471	25
1425807659569	gps	52.89192414376885	-1.1566443834453821	-128757.06379403979	6928931.982115592	25
1425807660578	gps	52.89192414376885	-1.1566443834453821	-128757.06379403979	6928931.982115592	25
1425807661572	gps	52.89192615542561	-1.1566162202507257	-128753.92868155154	6928932.352380886	25
1425807662573	gps	52.89192883763462	-1.1566024739295244	-128752.39844807512	6928932.8460679725	25
1425807663577	gps	52.891932777129114	-1.1565963551402092	-128751.7173075643	6928933.571170938	25
1425807664577	gps	52.89193470496684	-1.1565963551402092	-128751.7173075643	6928933.926008584	25
1425807665580	gps	52.89192485623062	-1.1565776634961367	-128749.63656326405	6928932.113251214	25
1425807666583	gps	52.89190771523863	-1.1565619893372059	-128747.89172387327	6928928.958282993	25
1425807667585	gps	52.89190771523863	-1.1565619893372059	-128747.89172387327	6928928.958282993	25
1425807668589	gps	52.89190771523863	-1.1565619893372059	-128747.89172387327	6928928.958282993	25
1425807669589	gps	52.89190771523863	-1.1565619893372059	-128747.89172387327	6928928.958282993	25
1425807670595	gps	52.89190771523863	-1.1565619893372059	-128747.89172387327	6928928.958282993	25
1425807671594	gps	52.89190771523863	-1.1565619893372059	-128747.89172387327	6928928.958282993	25
1425807672601	gps	52.89190771523863	-1.1565619893372059	-128747.89172387327	6928928.958282993	25
1425807673638	gps	52.89190163835883	-1.1565179843455553	-128742.99311061035	6928927.839773778	25
1425807674612	gps	52.891925065778196	-1.1565829440951347	-128750.22439685558	6928932.151820515	25
1425807675614	gps	52.891975650563836	-1.1567600537091494	-128769.9401489023	6928941.462455359	25
1425807676615	gps	52.8919974854216	-1.1568364966660738	-128778.44973994186	6928945.481382307	25
1425807677618	gps	52.89199958089739	-1.1568525899201632	-128780.2412327923	6928945.867075978	25
1425807678632	gps	52.89200284983963	-1.1568541824817657	-128780.41851593895	6928946.468758145	25
1425807679634	gps	52.891993881203234	-1.1568526737391949	-128780.25056348421	6928944.817989236	20
1425807680638	gps	52.8919826913625	-1.15685879252851	-128780.93170399507	6928942.758385517	20
1425807681639	gps	52.89197183679789	-1.1568640731275082	-128781.5195375866	6928940.76049328	20
1425807682639	gps	52.89195964112878	-1.1568572837859392	-128780.76375154033	6928938.515757816	20
1425807683642	gps	52.89194970857352	-1.156843202188611	-128779.1961952962	6928936.687571669	15
1425807684649	gps	52.89193705189973	-1.1568251810967922	-128777.1900965314	6928934.357984869	15
1425807685646	gps	52.891928418539464	-1.1568167991936207	-128776.25702733845	6928932.768929364	15
1425807686649	gps	52.89192100055516	-1.1568132787942886	-128775.86513827743	6928931.403576102	15
1425807687655	gps	52.891911529004574	-1.15680992603302	-128775.49191060025	6928929.660244029	15
1425807688656	gps	52.89189983624965	-1.1568053998053074	-128774.98805323607	6928927.508077973	15
1425807689662	gps	52.89188881404698	-1.1568042263388634	-128774.85742354905	6928925.47933416	15
1425807690677	gps	52.89187678601593	-1.1568044777959585	-128774.88541562484	6928923.265458421	10
1425807691668	gps	52.8918642969802	-1.1568040587008	-128774.83876216521	6928920.966730957	10
1425807692670	gps	52.891851221211255	-1.1568003706634045	-128774.42821172031	6928918.560010299	10
1425807693671	gps	52.8918368043378	-1.1568023823201656	-128774.6521483266	6928915.906447341	10
1425807694673	gps	52.89182293228805	-1.1568038072437048	-128774.8107700894	6928913.353165216	10
1425807695676	gps	52.89180935360491	-1.1568048130720854	-128774.92273839256	6928910.853880789	10
1425807696682	gps	52.891796780750155	-1.1568049807101488	-128774.94139977642	6928908.539729244	10
1425807697681	gps	52.891782405786216	-1.156806405633688	-128775.10002153921	6928905.89388347	10
1425807698683	gps	52.89176874328405	-1.1568063218146563	-128775.0906908473	6928903.379173729	10
1425807699686	gps	52.89175415877253	-1.1568047292530537	-128774.91340770063	6928900.694760524	10
1425807700695	gps	52.89173643104732	-1.1568051483482122	-128774.96006116028	6928897.431811215	10
1425807701692	gps	52.891723229549825	-1.1568138655275106	-128775.93045312093	6928895.001956219	10
1425807702698	gps	52.89171488955617	-1.1568325571715832	-128778.01119742116	6928893.466905351	10
1425807703700	gps	52.89170529227704	-1.1568494886159897	-128779.89599719089	6928891.700440145	10
1425807704702	gps	52.89169984403998	-1.1568738799542189	-128782.61122854234	6928890.697643479	10
1425807705721	gps	52.891694898717105	-1.156899193301797	-128785.429097505	6928889.787412768	10
1425807706655	gps	52.89169401861727	-1.1569273564964533	-128788.56420999327	6928889.625422568	10
1425807707635	gps	52.89169929921627	-1.156955687329173	-128791.71798386538	6928890.597363819	10
1425807708984	gps	52.89170453790575	-1.1569785699248314	-128794.26526276208	6928891.561591369	10
1425807709637	gps	52.89170902222395	-1.157005811110139	-128797.29773763914	6928892.386970243	15
1425807710604	gps	52.89170332252979	-1.1570212338119745	-128799.01458495413	6928891.337890565	15
1425807711597	gps	52.891694186255336	-1.1570412665605545	-128801.24462032523	6928889.656277843	15
1425807712773	gps	52.891683666966856	-1.157054342329502	-128802.70020826622	6928887.7201095065	15
1425807713611	gps	52.891670507378876	-1.157062305137515	-128803.5866239995	6928885.297971298	15
1425807714660	gps	52.89165265392512	-1.1570857744663954	-128806.19921773972	6928882.011886882	15
1425807715603	gps	52.89164536166936	-1.1571112554520369	-128809.03574808624	6928880.66968378	15
1425807716602	gps	52.89164200890809	-1.1571313720196486	-128811.27511414929	6928880.052578981	15
1425807717606	gps	52.89163811132312	-1.157155092805624	-128813.91569996528	6928879.335194713	15
1425807718604	gps	52.891638739965856	-1.1571742035448551	-128816.04309772518	6928879.450901848	15
1425807719605	gps	52.89163140580058	-1.1571966670453548	-128818.54372316223	6928878.100985372	15
1425807720786	gps	52.891621347516775	-1.157215191051364	-128820.60580607862	6928876.24967172	15
1425807721603	gps	52.891612127423286	-1.1572207231074572	-128821.22163174597	6928874.552634583	15
1425807722634	gps	52.89161359425634	-1.1572349723428488	-128822.80784937394	6928874.822617739	15
1425807723637	gps	52.89161250460893	-1.1572539154440165	-128824.91658574998	6928874.622058822	15
1425807724636	gps	52.891612546518445	-1.1572830006480217	-128828.15433584947	6928874.629772627	15
1425807726203	gps	52.89161099586636	-1.1573152709752321	-128831.74665224226	6928874.344361869	15
1425807726646	gps	52.89160491898656	-1.1573439370840788	-128834.93774888209	6928873.225860349	15
1425807727569	gps	52.891596369445324	-1.1573722679167986	-128838.09152275421	6928871.652244682	15
1425807728566	gps	52.89159599225968	-1.1573975812643766	-128840.90939171688	6928871.582820468	15
1425807729580	gps	52.8915960341692	-1.1574093997478485	-128842.2250192789	6928871.590534272	15
1425807730678	gps	52.89158828090876	-1.1574250739067793	-128843.9698586697	6928870.1634811275	15
1425807731569	gps	52.89157051127404	-1.1574437655508518	-128846.05060296993	6928866.89283057	15
1425807732618	gps	52.8915603691712	-1.1574513092637062	-128846.89036524358	6928865.026091942	15
1425807733608	gps	52.89155089762062	-1.1574604455381632	-128847.90741066387	6928863.282774446	15
1425807734610	gps	52.89154553320259	-1.1574729345738888	-128849.29768376135	6928862.295408951	15
1425807735619	gps	52.891539204865694	-1.1574867647141218	-128850.8372479297	6928861.13062638	15
1425807736625	gps	52.89153669029474	-1.1575023550540209	-128852.57275662855	6928860.667798916	15
1425807737614	gps	52.89152973331511	-1.1575248185545206	-128855.07338206562	6928859.38730974	15
1425807738618	gps	52.8915233630687	-1.1575528979301453	-128858.19916386195	6928858.214813805	15
1425807739626	gps	52.89151175413281	-1.1575672309845686	-128859.79471218187	6928856.078094688	15
1425807740625	gps	52.891498510725796	-1.1575715895742178	-128860.27990816218	6928853.640538564	15
1425807741627	gps	52.89148589596152	-1.1575784627348185	-128861.04502490039	6928851.318689913	15
1425807742631	gps	52.89147411938757	-1.157604781910777	-128863.97486216621	6928849.151117534	15
1425807743632	gps	52.89147898089141	-1.1576359625905752	-128867.44587956392	6928850.045916023	15
1425807744633	gps	52.89148685988039	-1.157668987289071	-128871.12217218408	6928851.4961068975	15
1425807745643	gps	52.89149000309408	-1.1577027663588524	-128874.8824410316	6928852.074640561	15
1425807746644	gps	52.891489709727466	-1.1577331088483334	-128878.26015151004	6928852.020644084	15
1425807747650	gps	52.89148937445134	-1.1577646248042583	-128881.76849167547	6928851.9589338275	15
1425807748654	gps	52.8914861055091	-1.1577922850847244	-128884.84762001215	6928851.357258823	15
1425807749767	gps	52.89148195646703	-1.1578049417585135	-128886.25655449348	6928850.593594461	15
1425807750652	gps	52.891484261490405	-1.15782187320292	-128888.14135426322	6928851.01785243	15
1425807751654	gps	52.891484261490405	-1.157856322824955	-128891.97626864616	6928851.01785243	15
1425807752659	gps	52.8914826689288	-1.1578784510493279	-128894.43957131551	6928850.72472874	15
1425807753663	gps	52.89148480631411	-1.157898148521781	-128896.63228391891	6928851.118131589	15
1425807754665	gps	52.89148317184299	-1.1579191032797098	-128898.96495690125	6928850.817294115	15
1425807755570	gps	52.891477891243994	-1.1579351127147675	-128900.74711905974	6928849.845357734	15
1425807756620	gps	52.891477975063026	-1.1579671315848827	-128904.31144337676	6928849.860785294	15
1425807757586	gps	52.89147286210209	-1.157990349456668	-128906.89604504118	6928848.919704148	15
1425807758576	gps	52.89146774914116	-1.1580134835094213	-128909.47131601367	6928847.978623114	15
1425807759580	gps	52.891465947031975	-1.1580388806760311	-128912.29851566827	6928847.646930644	15
1425807760592	gps	52.89145802613348	-1.158061595633626	-128914.82713318113	6928846.189026698	15
1425807761597	gps	52.891450566239655	-1.1580832209438086	-128917.2344516989	6928844.815974549	15
1425807762624	gps	52.89144386071712	-1.1581002362072468	-128919.12858216056	6928843.581770574	15
1425807763613	gps	52.891437322832644	-1.1581286508589983	-128922.2916867246	6928842.378421882	15
1425807764611	gps	52.89143091067672	-1.1581519525498152	-128924.88561908095	6928841.19821469	15
1425807765615	gps	52.89142353460193	-1.1581720691174269	-128927.124985144	6928839.840590945	15
1425807766624	gps	52.8914163261652	-1.1581951193511486	-128929.69092542458	6928838.513822512	15
1425807767626	gps	52.89141125511378	-1.1582163255661726	-128932.05159048269	6928837.580456478	15
1425807768642	gps	52.89140702225268	-1.1582361906766891	-128934.26296446995	6928836.801365905	15
1425807769640	gps	52.89140358567238	-1.1582566425204277	-128936.53965330072	6928836.168836982	15
1425807770639	gps	52.89140274748206	-1.1582814529538155	-128939.3015381118	6928836.014561644	15
1425807771641	gps	52.89139985572547	-1.1583017371594906	-128941.5595655587	6928835.482311746	15
1425807772644	gps	52.891394114121795	-1.1583215184509754	-128943.76160885402	6928834.425525824	15
1425807773646	gps	52.89138606749475	-1.158339036628604	-128945.71172346726	6928832.944483012	15
1425807774651	gps	52.891382463276386	-1.1583623383194208	-128948.30565582361	6928832.2810993465	15
1425807775650	gps	52.89137546438724	-1.1583830416202545	-128950.61033673017	6928830.992900984	15
1425807776651	gps	52.89137068670243	-1.1584077682346106	-128953.36289084931	6928830.113532163	15
1425807777653	gps	52.89136104751378	-1.15842679515481	-128955.48095791729	6928828.339367296	15
1425807778656	gps	52.891354048624635	-1.1584448162466288	-128957.48705668209	6928827.0511695715	15
1425807779657	gps	52.891348181292415	-1.1584611609578133	-128959.30654160831	6928825.9712435	15
1425807780659	gps	52.89134440943599	-1.158485971391201	-128962.0684264194	6928825.277005387	15
1425807781662	gps	52.89134516380727	-1.1585138831287622	-128965.17554683186	6928825.415853005	15
1425807782663	gps	52.891349480487406	-1.1585364304482937	-128967.68550296086	6928826.210369975	15
1425807783665	gps	52.89135178551078	-1.158562246710062	-128970.5593560751	6928826.634626642	15
1425807784671	gps	52.891356563195586	-1.1585865542292595	-128973.2652567346	6928827.513995078	15
1425807785673	gps	52.891363142989576	-1.1586088500916958	-128975.7472207878	6928828.725055274	15
1425807786678	gps	52.891368423588574	-1.1586293019354343	-128978.02390961857	6928829.696989072	10
1425807787683	gps	52.89137554820627	-1.1586501728743315	-128980.34725190897	6928831.008328509	10
1425807788685	gps	52.891384600661695	-1.1586717143654823	-128982.74523973482	6928832.674501281	10
1425807789687	gps	52.891394617035985	-1.1586897354573011	-128984.75133849963	6928834.518091008	10
1425807790695	gps	52.89140765089542	-1.1587084271013737	-128986.83208279985	6928836.917072423	10
1425807791697	gps	52.89142005611211	-1.158718066290021	-128987.90511237174	6928839.200348011	10
1425807792698	gps	52.89143321570009	-1.1587282922118902	-128989.04345678713	6928841.622472157	10
1425807793704	gps	52.89144360926002	-1.158741619437933	-128990.52703680389	6928843.53548793	10
1425807794610	gps	52.89145454764366	-1.1587543599307537	-128991.94530197713	6928845.548783252	10
1425807795613	gps	52.89146632421762	-1.1587673518806696	-128993.3915592262	6928847.716354648	10
1425807796607	gps	52.891476592049	-1.15878252312541	-128995.08041446541	6928849.606230546	15
1425807797607	gps	52.8914913861081	-1.1587945092469454	-128996.4147034113	6928852.329195389	15
1425807798667	gps	52.89150605443865	-1.1588097643107176	-128998.11288934243	6928855.02901981	15
1425807799651	gps	52.89152042940259	-1.1588199064135551	-128999.24190306591	6928857.674848631	15
1425807800651	gps	52.891533630900085	-1.158823175355792	-128999.60580005114	6928860.104692205	15
1425807801656	gps	52.89155169390142	-1.1588240135461092	-128999.69910697044	6928863.429336521	15
1425807802656	gps	52.89156757760793	-1.1588216666132212	-128999.4378475964	6928866.3528648075	15
1425807803658	gps	52.89158182684332	-1.1588218342512846	-128999.45650898028	6928868.975556006	15
1425807804691	gps	52.89159984793514	-1.1588185653090477	-128999.09261199502	6928872.292490234	15
1425807805679	gps	52.891615773551166	-1.1588141229003668	-128998.59808532277	6928875.223735588	15
1425807806680	gps	52.8916322439909	-1.1588151287287474	-128998.71005362591	6928878.255261529	15
1425807807682	gps	52.89164699614048	-1.1588177271187305	-128998.99930507573	6928880.970522388	15
1425807808684	gps	52.891664849594235	-1.1588125303387642	-128998.4208021761	6928884.256606372	10
1425807809685	gps	52.89168341550976	-1.158802891150117	-128997.34777260425	6928887.673826605	10
1425807810688	gps	52.891702987253666	-1.1587997060269117	-128996.99320631092	6928891.276180003	10
1425807811689	gps	52.891715224832296	-1.1587958503514528	-128996.56399448216	6928893.528615932	10
1425807812697	gps	52.891725366935134	-1.1587983649224043	-128996.84391524005	6928895.395361264	10
1425807813697	gps	52.891739825718105	-1.1587935034185648	-128996.30273510815	6928898.056631193	10
1425807814699	gps	52.89175265002996	-1.1587866302579641	-128995.53761836994	6928900.417062659	10
1425807815702	gps	52.89176656398922	-1.1587821878492832	-128995.04309169769	6928902.9780544555	10
1425807816701	gps	52.891779388301075	-1.1587804276496172	-128994.84714716717	6928905.338487385	10
1425807817707	gps	52.891794349998236	-1.1587662622332573	-128993.2702602311	6928908.09232669	10
1425807818611	gps	52.89180361200124	-1.1587533541023731	-128991.83333367399	6928909.797084833	10
1425807819613	gps	52.89180897641927	-1.1587370093911886	-128990.01384874777	6928910.7844562335	10
1425807820622	gps	52.89182636886835	-1.1587096005678177	-128986.96271248687	6928913.985700288	15
1425807821619	gps	52.89183709770441	-1.1586828622967005	-128983.98622176141	6928915.960444253	15
1425807822683	gps	52.89184811990708	-1.1586605664342642	-128981.5042577082	6928917.989185634	15
1425807823620	gps	52.89185348432511	-1.158640030771494	-128979.21823818552	6928918.976558053	15
1425807824621	gps	52.891861028037965	-1.158615555614233	-128976.49367614214	6928920.365050724	15
1425807825622	gps	52.89187209215015	-1.1585932597517967	-128974.01171208896	6928922.401507082	15
1425807826621	gps	52.89188152179122	-1.1585682816803455	-128971.231165894	6928924.137123707	15
1425807827622	gps	52.89189375936985	-1.1585549544543028	-128969.74758587724	6928926.389568961	15
1425807828680	gps	52.891905745491385	-1.1585380230098963	-128967.86278610751	6928928.595731713	15
1425807829607	gps	52.89191781543195	-1.1585228517651558	-128966.1739308683	6928930.817322796	15
1425807830606	gps	52.89193219039589	-1.1585103627294302	-128964.78365777082	6928933.463176875	15
1425807831629	gps	52.89194426033646	-1.1584972031414509	-128963.31873913792	6928935.684769321	15
1425807832616	gps	52.89195524062961	-1.1584810260683298	-128961.51791559556	6928937.705801875	15
1425807833710	gps	52.89196743629873	-1.1584650166332722	-128959.73575343705	6928939.950537111	15
1425807834713	gps	52.89197762031108	-1.1584485042840242	-128957.89760712699	6928941.825007226	15
1425807835612	gps	52.89198721759021	-1.1584315728396177	-128956.01280735726	6928943.591483584	15
1425807836713	gps	52.89199652150273	-1.158418832346797	-128954.59454218399	6928945.303963225	15
1425807837615	gps	52.89200720842928	-1.1584086064249277	-128953.45619776861	6928947.271001103	10
1425807838706	gps	52.892020368017256	-1.1583972070366144	-128952.18722366623	6928949.6931582205	10
1425807839710	gps	52.89203512016684	-1.158384382724762	-128950.75962780103	6928952.4084435105	10
1425807840710	gps	52.8920482378453	-1.1583724804222584	-128949.43466954706	6928954.822888311	10
1425807841713	gps	52.89205825421959	-1.158360242843628	-128948.07238852537	6928956.666506403	10
1425807842614	gps	52.89207271300256	-1.1583457421511412	-128946.4581788216	6928959.327796871	10
1425807843613	gps	52.89208591450006	-1.158329313620925	-128944.62936320345	6928961.757671555	10
1425807844615	gps	52.8921000380069	-1.1583169922232628	-128943.25775148984	6928964.357252596	10
1425807845617	gps	52.89211768191308	-1.1583064310252666	-128942.08208430673	6928967.604801621	10
1425807846702	gps	52.89213452953845	-1.1582923494279385	-128940.5145280626	6928970.705787914	10
1425807847707	gps	52.8921476053074	-1.1582814529538155	-128939.3015381118	6928973.112524381	10
1425807848708	gps	52.89215833414346	-1.1582704726606607	-128938.07921746906	6928975.087283052	10
1425807849711	gps	52.892170613631606	-1.1582584865391254	-128936.74492852316	6928977.347456666	10
1425807850718	gps	52.89218180347234	-1.1582508590072393	-128935.89583555759	6928979.407069359	10
1425807851625	gps	52.89219165220857	-1.1582382023334503	-128934.48690107625	6928981.219837526	10
1425807852728	gps	52.892203512601554	-1.1582228634506464	-128932.77938445318	6928983.402873785	10
1425807853625	gps	52.89221512153745	-1.1582109611481428	-128931.45442619923	6928985.539627167	10
1425807854714	gps	52.89222207851708	-1.1581980530172586	-128930.0174996421	6928986.820136693	10
1425807855718	gps	52.892233561724424	-1.158187324181199	-128928.82317107514	6928988.933749252	10
1425807856622	gps	52.89224303327501	-1.1581762600690126	-128927.59151974048	6928990.677094338	10
1425807857623	gps	52.892252379097044	-1.1581646092236042	-128926.2945535623	6928992.397298053	10
1425807858716	gps	52.892262898385525	-1.1581506952643394	-128924.74565870201	6928994.333491918	10
1425807859622	gps	52.89227936882526	-1.1581483483314514	-128924.484399328	6928997.3650633395	10
1425807860623	gps	52.89229332469404	-1.1581409722566605	-128923.66329843823	6928999.933800333	10
1425807861630	gps	52.89230656810105	-1.1581340990960598	-128922.89818170002	6929002.371401375	10
1425807862628	gps	52.892323709093034	-1.1581280641257763	-128922.22637188109	6929005.5263987705	10
1425807863632	gps	52.89234198164195	-1.1581243760883808	-128921.8158214362	6929008.889673657	10
1425807864690	gps	52.892357907257974	-1.1581187602132559	-128921.19066507694	6929011.820969446	10
1425807865636	gps	52.89237190503627	-1.1581118032336235	-128920.41621764681	6929014.397425058	10
1425807866625	gps	52.89238468743861	-1.1581038404256105	-128919.52980191352	6929016.750177174	10
1425807867624	gps	52.892396757379174	-1.1580956261605024	-128918.61539410443	6929018.971792924	10
1425807868630	gps	52.89241180289537	-1.158088417723775	-128917.81295459853	6929021.741099538	10
1425807869623	gps	52.892423244193196	-1.158077521249652	-128916.5999646477	6929023.847007444	10
1425807870681	gps	52.892436822876334	-1.1580676306039095	-128915.49894300003	6929026.34632744	10
1425807871678	gps	52.8924541734159	-1.15806863643229	-128915.6109113032	6929029.539904139	10
1425807872680	gps	52.892464441247284	-1.158059500157833	-128914.5938658829	6929031.429823319	10
1425807873682	gps	52.892477181740105	-1.15804860368371	-128913.38087593208	6929033.774866521	10
1425807874691	gps	52.892490425147116	-1.1580390483140945	-128912.31717705214	6929036.212477952	10
1425807875688	gps	52.8925025369972	-1.1580275651067495	-128911.0388722578	6929038.441813113	10
1425807876694	gps	52.89251506794244	-1.1580165848135948	-128909.81655161506	6929040.748288559	10
1425807877693	gps	52.8925292333588	-1.158004179596901	-128908.43560920953	6929043.355609432	10
1425807878698	gps	52.89254717063159	-1.1579969711601734	-128907.63316970361	6929046.657188572	10
1425807879699	gps	52.89255907293409	-1.1579886730760336	-128906.7094312026	6929048.847956796	10
1425807880703	gps	52.892575417645276	-1.1579776089638472	-128905.47777986791	6929051.856407104	10
1425807881612	gps	52.89258803240955	-1.157961767166853	-128903.71427909328	6929054.178314404	10
1425807882705	gps	52.89260148536414	-1.1579466797411442	-128902.034754546	6929056.654502005	15
1425807883615	gps	52.892608819529414	-1.1579315084964037	-128900.34589930679	6929058.004448842	15
1425807884603	gps	52.89261443540454	-1.1579128168523312	-128898.26515500655	6929059.038122575	15
1425807885701	gps	52.89261858444661	-1.1578967235982418	-128896.4736621561	6929059.801806988	10
1425807886706	gps	52.89261581841856	-1.1578749306499958	-128894.04768225447	6929059.292684039	10
1425807887720	gps	52.89261506404728	-1.1578473541885614	-128890.97788460973	6929059.153832329	10
1425807888709	gps	52.89261552505195	-1.1578235495835543	-128888.32796810179	6929059.238686152	10
1425807889606	gps	52.89261150173843	-1.1577995773404837	-128885.65939021001	6929058.498143743	15
1425807890605	gps	52.8926079813391	-1.1577809695154428	-128883.5879766017	6929057.850169192	15
1425807891616	gps	52.89260022807866	-1.157758254557848	-128881.05935908885	6929056.42308257	15
1425807892604	gps	52.89259314537048	-1.1577312648296356	-128878.0548762876	6929055.119419881	15
1425807893608	gps	52.89258669130504	-1.1577062867581844	-128875.27433009264	6929053.931467083	15
1425807894665	gps	52.89258136879653	-1.1576815601438284	-128872.5217759735	6929052.951791859	15
1425807895615	gps	52.89256846066564	-1.157659851014614	-128870.1051267638	6929050.5758870905	15
1425807896618	gps	52.89255898911506	-1.1576456855982542	-128868.52823982773	6929048.832528849	15
1425807897615	gps	52.892552954144776	-1.1576329451054335	-128867.10997465446	6929047.721716719	10
1425807898621	gps	52.89254398550838	-1.1576118227094412	-128864.75864028827	6929046.070926755	10
1425807899626	gps	52.89253350812942	-1.1575836595147848	-128861.62352780002	6929044.142434243	10
1425807900675	gps	52.89252248592675	-1.1575586814433336	-128858.84298160506	6929042.113660624	10
1425807901639	gps	52.892510667443275	-1.1575315240770578	-128855.81983741996	6929039.938322188	10
1425807902637	gps	52.89249838795513	-1.1575072165578604	-128853.11393676046	6929037.678130757	10
1425807903637	gps	52.892492562532425	-1.1574902012944221	-128851.2198062988	6929036.6058899965	10
1425807904639	gps	52.89248635992408	-1.1574751138687134	-128849.54028175151	6929035.464223733	10
1425807905641	gps	52.89248066022992	-1.1574639659374952	-128848.29929972491	6929034.415125148	10
1425807906698	gps	52.89247500244528	-1.157449884340167	-128846.73174348079	6929033.373740662	10
1425807907685	gps	52.89246825501323	-1.157439574599266	-128845.58406837347	6929032.131793416	10
1425807908693	gps	52.89245882537216	-1.1574212182313204	-128843.54064684096	6929030.396153182	10
1425807909689	gps	52.892446839250624	-1.1573990061879158	-128841.06801347967	6929028.189962139	10
1425807910695	gps	52.89243686478585	-1.1573810689151287	-128839.0712454068	6929026.354041395	10
1425807911696	gps	52.89242525584996	-1.1573614552617073	-128836.88786349533	6929024.217277024	10
1425807912696	gps	52.892411928623915	-1.1573415901511908	-128834.67648950809	6929021.764241379	10
1425807913703	gps	52.89239763747901	-1.1573259998112917	-128832.94098080922	6929019.133785763	10
1425807914706	gps	52.89238498080522	-1.1573145166039467	-128831.66267601491	6929016.8041747715	10
1425807915708	gps	52.892370857298374	-1.1572940647602081	-128829.38598718414	6929014.204576557	10
1425807916712	gps	52.89235438685864	-1.157272607088089	-128826.99733005023	6929011.172998706	10
1425807917620	gps	52.89234072435647	-1.157261710613966	-128825.78434009942	6929008.658255615	10
1425807918672	gps	52.89232840295881	-1.1572489701211452	-128824.36607492615	6929006.390359154	10
1425807919615	gps	52.89232069160789	-1.1572385765612125	-128823.2090691269	6929004.970995715	10
1425807920631	gps	52.89231000468135	-1.1572317034006119	-128822.44395238871	6929003.00394354	10
1425807921621	gps	52.89229835383594	-1.1572214774787426	-128821.30560797332	6929000.859471528	10
1425807922623	gps	52.89228305686265	-1.1572080664336681	-128819.81269726463	6928998.04388865	10
1425807923624	gps	52.89226667024195	-1.1571953259408474	-128818.39443209137	6928995.027744813	10
1425807924687	gps	52.89225573185831	-1.1571818310767412	-128816.89219069075	6928993.014411584	10
1425807925614	gps	52.892246805131435	-1.1571667436510324	-128815.21266614346	6928991.371346914	10
1425807926613	gps	52.89223616011441	-1.1571514885872602	-128813.51448021232	6928989.412012023	10
1425807927620	gps	52.89222782012075	-1.1571375746279955	-128811.96558535204	6928987.8769429	10
1425807928620	gps	52.8922184323892	-1.1571289412677288	-128811.00452408333	6928986.149026254	10
1425807929625	gps	52.89220912847668	-1.1571181286126375	-128809.80086482446	6928984.436537803	10
1425807930680	gps	52.89220166858286	-1.1571099981665611	-128808.8957877073	6928983.063461747	10
1425807931664	gps	52.892194208689034	-1.1571003589779139	-128807.82275813541	6928981.6903859265	10
1425807932775	gps	52.89218574296683	-1.1570910550653934	-128806.78705133128	6928980.132176576	10
1425807933668	gps	52.892178199253976	-1.1570785660296679	-128805.3967782338	6928978.743673451	10
1425807934671	gps	52.89217027835548	-1.157067334279418	-128804.14646551525	6928977.285745432	10
1425807935672	gps	52.892158166505396	-1.157054677605629	-128802.73753103393	6928975.056427445	10
1425807936680	gps	52.892142198979855	-1.1570427753031254	-128801.41257277995	6928972.1174313305	10
1425807937675	gps	52.89212614763528	-1.1570288613438606	-128799.8636779197	6928969.163008514	10
1425807938677	gps	52.89211076684296	-1.1570152826607227	-128798.35210582714	6928966.332009089	10
1425807939680	gps	52.89209643378854	-1.1570015363395214	-128796.82187235073	6928963.693857947	10
1425807940682	gps	52.89208176545799	-1.1569871194660664	-128795.21699333888	6928960.993996575	10
1425807941685	gps	52.892068647779524	-1.1569725349545479	-128793.59345294317	6928958.579549896	10
1425807942685	gps	52.892054691910744	-1.1569712776690722	-128793.45349256424	6928956.01082628	10
1425807943687	gps	52.89204471744597	-1.1569649912416935	-128792.75369066953	6928954.174922224	10
1425807944691	gps	52.89203470107168	-1.1569689307361841	-128793.19223319022	6928952.331304711	10
1425807945695	gps	52.89202803745866	-1.1569728702306747	-128793.63077571089	6928951.1047979	10
1425807946699	gps	52.892023720778525	-1.1569773126393557	-128794.12530238314	6928950.310268432	10
1425807947604	gps	52.89202363695949	-1.1569812521338463	-128794.56384490384	6928950.294840676	10
1425807948701	gps	52.89202527143061	-1.1569892149418592	-128795.45026063711	6928950.595681921	10
1425807949622	gps	52.89202598389238	-1.156993405893445	-128795.91679523357	6928950.726817851	10
1425807950613	gps	52.89203176740557	-1.1569936573505402	-128795.94478730937	6928951.791333136	10
1425807951694	gps	52.892038389109075	-1.156998099759221	-128796.43931398162	6928953.010126171	10
1425807952608	gps	52.89203956257552	-1.156999608501792	-128796.60726643635	6928953.22611483	10
1425807953595	gps	52.892038179561496	-1.1570037994533777	-128797.0738010328	6928952.971556769	10
1425807954679	gps	52.892038682475686	-1.157006984576583	-128797.42836732615	6928953.064123336	10
1425807955684	gps	52.892044046893716	-1.1570056434720755	-128797.27907625526	6928954.051500117	10
1425807956595	gps	52.89204723201692	-1.1570018716156483	-128796.85919511844	6928954.637755139	10
1425807957591	gps	52.89204408880323	-1.157002542167902	-128796.93384065387	6928954.059213999	10
1425807958677	gps	52.892044046893716	-1.157002542167902	-128796.93384065387	6928954.051500117	10
1425807959579	gps	52.89204237051308	-1.1570022068917751	-128796.89651788615	6928953.742944859	10
1425807960620	gps	52.89204237051308	-1.1570022068917751	-128796.89651788615	6928953.742944859	10
1425807961628	gps	52.89204237051308	-1.1570022068917751	-128796.89651788615	6928953.742944859	10
1425807962621	gps	52.89204237051308	-1.1570022068917751	-128796.89651788615	6928953.742944859	10
1425807963625	gps	52.89204237051308	-1.1570022068917751	-128796.89651788615	6928953.742944859	10
1425807964629	gps	52.89204237051308	-1.1570022068917751	-128796.89651788615	6928953.742944859	10
1425807965648	gps	52.89204237051308	-1.1570022068917751	-128796.89651788615	6928953.742944859	10
1425807966647	gps	52.89204237051308	-1.1570022068917751	-128796.89651788615	6928953.742944859	10
1425807967658	gps	52.89204237051308	-1.1570022068917751	-128796.89651788615	6928953.742944859	10
1425807968660	gps	52.892026863992214	-1.1569991055876017	-128796.5512822848	6928950.888809298	10
1425807969661	gps	52.89201261475682	-1.1569991894066334	-128796.56061297671	6928948.266091039	10
1425807970662	gps	52.89200264029205	-1.1569846887141466	-128794.94640327294	6928946.430188773	10
1425807971566	gps	52.89199614431709	-1.1569769773632288	-128794.08797961543	6928945.234538366	10
1425807972613	gps	52.891979799605906	-1.1569661647081375	-128792.88432035655	6928942.226128462	10
1425807973613	gps	52.891962407156825	-1.1569495685398579	-128791.03684335454	6928939.024873019	10
1425807974613	gps	52.89194103330374	-1.1569329723715782	-128789.18936635251	6928935.090801834	15
1425807975614	gps	52.891930933110416	-1.1569231655448675	-128788.09767539678	6928933.231761032	15
1425807976615	gps	52.89191995281726	-1.1569110117852688	-128786.74472506705	6928931.210729615	15
1425807977619	gps	52.891904739663005	-1.156895337626338	-128784.99988567625	6928928.410599151	15
1425807978713	gps	52.891890867613256	-1.1568789929151535	-128783.18040075003	6928925.857313005	15
1425807979566	gps	52.891877205111086	-1.156869437545538	-128782.1167018701	6928923.342596938	15
1425807980568	gps	52.89186697918922	-1.1568566970527172	-128780.69843669682	6928921.460417336	15
1425807981577	gps	52.891850215382874	-1.1568463873118162	-128779.5507615895	6928918.374877971	15
1425807982579	gps	52.89183408021927	-1.1568393465131521	-128778.76698346746	6928915.405047463	15
1425807983674	gps	52.89181647822261	-1.1568350717425346	-128778.29111817904	6928912.165233632	15
1425807984672	gps	52.89179854094982	-1.156833227723837	-128778.0858429566	6928908.86371042	15
1425807985583	gps	52.891781399957836	-1.156831718981266	-128777.91789050189	6928905.708751438	15
1425807986682	gps	52.89176840800792	-1.1568336468189955	-128778.13249641626	6928903.31746307	15
1425807987669	gps	52.89175109937787	-1.156833227723837	-128778.0858429566	6928900.131650973	15
1425807988578	gps	52.89173429366201	-1.1568356584757566	-128778.35643302255	6928897.038406071	15
1425807989675	gps	52.89171530865133	-1.156844375655055	-128779.32682498322	6928893.544043578	15
1425807990686	gps	52.891697622835636	-1.1568602174520493	-128781.09032575785	6928890.288811028	15
1425807991610	gps	52.8916927613318	-1.156880334019661	-128783.3296918209	6928889.394008002	10
1425807992585	gps	52.89169795811176	-1.1569032166153193	-128785.87697071761	6928890.350521585	15
1425807993573	gps	52.891709776595235	-1.15692475810647	-128788.27495854345	6928892.525819034	15
1425807994602	gps	52.89172398392111	-1.1569473892450333	-128790.79424536436	6928895.140805055	15
1425807995585	gps	52.89173521567136	-1.1569526698440313	-128791.38207895592	6928897.20811025	15
1425807996665	gps	52.89175415877253	-1.1569495685398579	-128791.03684335454	6928900.694760524	15
1425807997618	gps	52.891757846809924	-1.1569482274353504	-128790.88755228368	6928901.373577571	15
1425807998635	gps	52.89175705052912	-1.1569519992917776	-128791.30743342049	6928901.227014795	15
1425807999629	gps	52.89176119957119	-1.1569553520530462	-128791.68066109768	6928901.990684028	15
1425808000628	gps	52.891761870123446	-1.15696482360363	-128792.73502928569	6928902.114105324	15
1425808001650	gps	52.89176589343697	-1.1569727025926113	-128793.61211432704	6928902.854633145	15
1425808002631	gps	52.8917617443949	-1.156997261568904	-128796.34600706234	6928902.09096383	15
1425808003635	gps	52.89175554178655	-1.1570227425545454	-128799.18253740887	6928900.94931691	15
1425808004640	gps	52.89175696671009	-1.1570341419428587	-128800.45151151124	6928901.211587135	15
1425808005646	gps	52.89175524841994	-1.157057024538517	-128802.99879040796	6928900.895320102	15
1425808006643	gps	52.89175009354949	-1.157079404219985	-128805.4900851531	6928899.946519077	15
1425808007646	gps	52.891740035265684	-1.1570978444069624	-128807.54283737754	6928898.095200329	15
1425808008832	gps	52.89172704331577	-1.1571168713271618	-128809.66090444551	6928895.703914252	15
1425808009654	gps	52.89172327145934	-1.1571401730179787	-128812.25483680188	6928895.009670043	15
1425808010678	gps	52.891716565936804	-1.1571554280817509	-128813.953022733	6928893.775458265	15
1425808011731	gps	52.89170709438622	-1.157183339819312	-128817.06014314547	6928892.032134456	15
1425808012672	gps	52.891704412177205	-1.1572176218032837	-128820.87639614458	6928891.538449907	15
1425808013662	gps	52.89170105941594	-1.1572359781712294	-128822.9198176771	6928890.921344263	15
1425808014663	gps	52.891702190972865	-1.1572747863829136	-128827.23992804038	6928891.1296174135	15
1425808015576	gps	52.89171451237053	-1.157299680635333	-128830.01114354341	6928893.397480947	15
1425808016667	gps	52.89172037970275	-1.157323569059372	-128832.67039074325	6928894.477416192	15
1425808017567	gps	52.89172452874482	-1.1573472898453474	-128835.31097655927	6928895.241084773	15
1425808018586	gps	52.89171954151243	-1.157366232946515	-128837.4197129353	6928894.323139719	15
1425808019572	gps	52.89171329699457	-1.1573873553425074	-128839.77104730149	6928893.173780094	15
1425808020663	gps	52.891708980314434	-1.1574011016637087	-128841.30128077792	6928892.379256422	15
1425808021669	gps	52.89170022122562	-1.1574126686900854	-128842.58891626417	6928890.767067859	15
1425808022576	gps	52.89168991148472	-1.157416608184576	-128843.02745878484	6928888.869468344	15
1425808023575	gps	52.891674153506756	-1.1574208829551935	-128843.50332407324	6928885.969073213	15
1425808024671	gps	52.89165349211544	-1.157451393082738	-128846.89969593553	6928882.166163116	15
1425808025580	gps	52.89165349211544	-1.157451393082738	-128846.89969593553	6928882.166163116	15
1425808026616	gps	52.8916224790737	-1.157477293163538	-128849.78287974169	6928876.457944484	15
1425808027581	gps	52.89161279797554	-1.1574978288263083	-128852.06889926437	6928874.676055454	15
1425808028576	gps	52.89161036722362	-1.1575041990727186	-128852.77803185099	6928874.228654808	15
1425808029574	gps	52.89160994812846	-1.1575011815875769	-128852.44212694155	6928874.151516768	15
1425808030576	gps	52.891613971441984	-1.1574983317404985	-128852.12488341595	6928874.892041982	15
1425808031579	gps	52.89161250460893	-1.1574898660182953	-128851.18248353108	6928874.622058822	15
1425808032613	gps	52.89161250460893	-1.1574898660182953	-128851.18248353108	6928874.622058822	15
1425808033609	gps	52.89161250460893	-1.1574898660182953	-128851.18248353108	6928874.622058822	15
1425808034612	gps	52.89161250460893	-1.1574898660182953	-128851.18248353108	6928874.622058822	15
1425808035614	gps	52.89161250460893	-1.1574898660182953	-128851.18248353108	6928874.622058822	15
1425808036616	gps	52.89162323344499	-1.1574347130954266	-128845.04288824159	6928876.596792996	15
1425808037617	gps	52.89162667002529	-1.1574324499815702	-128844.79095955947	6928877.22932514	15
1425808038649	gps	52.89161715656519	-1.1574438493698835	-128846.05993366188	6928875.478291157	15
1425808039650	gps	52.891607475467026	-1.1574512254446745	-128846.88103455165	6928873.696402347	15
1425808040652	gps	52.891598171554506	-1.1574629601091146	-128848.18733142175	6928871.983938155	15
1425808041654	gps	52.89159062784165	-1.157486094161868	-128850.76260239427	6928870.595453946	15
1425808042656	gps	52.89158212020993	-1.157507635653019	-128853.1605902201	6928869.029552598	15
1425808043657	gps	52.89157118182629	-1.157524399459362	-128855.02672860598	6928867.016251322	10
1425808044659	gps	52.891560536809266	-1.1575425881892443	-128857.05148875463	6928865.056947122	10
1425808045660	gps	52.891554166562855	-1.15757267922163	-128860.40120715728	6928863.884450352	10
1425808046666	gps	52.89155135862529	-1.1575928796082735	-128862.64990391224	6928863.3676261725	10
1425808047666	gps	52.89155441801995	-1.1576062068343163	-128864.133483929	6928863.9307331145	10
1425808048772	gps	52.89156946353614	-1.1576056201010942	-128864.06816908551	6928866.69998565	10
1425808049670	gps	52.89157901890576	-1.1576129961758852	-128864.88926997529	6928868.458731496	10
1425808050670	gps	52.89158480241895	-1.157613331452012	-128864.926592743	6928869.5232357485	10
1425808051674	gps	52.891581994481385	-1.157614504918456	-128865.05722243001	6928869.006411202	15
1425808052678	gps	52.89157826453447	-1.157616600394249	-128865.29048972824	6928868.319883124	15
1425808053683	gps	52.89157696533948	-1.157633699476719	-128867.19395088183	6928868.080755383	15
1425808054683	gps	52.89157160092145	-1.1576524749398232	-128869.284025874	6928867.093389292	15
1425808055686	gps	52.89156841579825	-1.1576776206493378	-128872.0832334528	6928866.507140735	15
1425808056686	gps	52.89156556595117	-1.1577118188142776	-128875.89015575997	6928865.98260259	15
1425808057595	gps	52.89156665559858	-1.1577371321618557	-128878.70802472264	6928866.183161288	15
1425808058597	gps	52.891567032784224	-1.15775590762496	-128880.79809971481	6928866.252585454	15
1425808059597	gps	52.8915622131899	-1.157765882089734	-128881.90845205441	6928865.365498933	15
1425808060604	gps	52.891559950076044	-1.1577733419835567	-128882.7388836361	6928864.94895399	15
1425808061596	gps	52.89155563339591	-1.1577858310192823	-128884.12915673359	6928864.154433144	15
1425808062643	gps	52.891546790488064	-1.157802427187562	-128885.9766337356	6928862.526822729	15
1425808063596	gps	52.891542431898415	-1.1578211188316345	-128888.05737803584	6928861.724588332	15
1425808064597	gps	52.89154440164566	-1.1578381340950727	-128889.9515084975	6928862.087136558	15
1425808065596	gps	52.891544150188565	-1.157853053882718	-128891.61237166093	6928862.040853806	15
1425808066603	gps	52.89154138416052	-1.1578709911555052	-128893.6091397338	6928861.531743539	15
1425808067598	gps	52.89153669029474	-1.1578932870179415	-128896.09110378702	6928860.667798916	15
1425808068636	gps	52.8915191302076	-1.157915834337473	-128898.60105991599	6928857.435721209	15
1425808069610	gps	52.891516531817615	-1.1579341068863869	-128900.6351507566	6928856.957466386	15
1425808070687	gps	52.891516825184226	-1.157954391092062	-128902.8931782035	6928857.011462896	15
1425808071688	gps	52.89152671582997	-1.157966461032629	-128904.23679784132	6928858.831916906	15
1425808072599	gps	52.89153861813247	-1.157983224838972	-128906.10293622718	6928861.022633303	15
1425808073612	gps	52.8915508557111	-1.1579998210072517	-128907.9504132292	6928863.27506065	15
1425808074713	gps	52.89156497921795	-1.1580187641084194	-128910.05914960524	6928865.874609446	15
1425808075594	gps	52.89157294202596	-1.1580381263047457	-128912.21453944092	6928867.340230803	15
1425808076595	gps	52.891578641720116	-1.1580517888069153	-128913.7354422254	6928868.38930731	15
1425808077606	gps	52.89157239720225	-1.1580611765384674	-128914.78047972148	6928867.239951437	15
1425808078602	gps	52.89156108163297	-1.1580787785351276	-128916.73992502665	6928865.157226459	15
1425808079600	gps	52.89154360536486	-1.1581050138920546	-128919.66043160053	6928861.940574507	15
1425808080748	gps	52.89151883684099	-1.1581304110586643	-128922.48763125512	6928857.381724695	15
1425808081592	gps	52.89149075746536	-1.1581618431955576	-128925.98664072863	6928852.213488648	15
1425808082697	gps	52.8914681263268	-1.1581953708082438	-128929.71891750036	6928848.048047118	15
1425808083697	gps	52.89144574664533	-1.1582220252603292	-128932.68607753389	6928843.928890423	15
1425808084600	gps	52.89143036585301	-1.158259492367506	-128936.8568968263	6928841.097935656	15
1425808085609	gps	52.89142303168774	-1.1582894995808601	-128940.197284537	6928839.7480256995	15
1425808086657	gps	52.89141695480794	-1.1583218537271023	-128943.79893162173	6928838.6295290515	15
1425808087664	gps	52.89141318295151	-1.158350519835949	-128946.99002826157	6928837.935289833	15
1425808088661	gps	52.891420307569206	-1.1583775095641613	-128949.99451106282	6928839.246630631	15
1425808089693	gps	52.89142713882029	-1.1584100313484669	-128953.6148195314	6928840.503975246	15
1425808090665	gps	52.89143816102296	-1.1584436427801847	-128957.35642699507	6928842.532697346	15
1425808091666	gps	52.89142948575318	-1.158481864258647	-128961.61122251487	6928840.935946448	15
1425808092674	gps	52.891409704461694	-1.1585135478526354	-128965.13822406414	6928837.295047052	15
1425808093758	gps	52.89139688014984	-1.1585401184856892	-128968.09605340575	6928834.934634353	15
1425808094691	gps	52.891396125778556	-1.1585603188723326	-128970.34475016072	6928834.795786567	15
1425808095851	gps	52.89139981381595	-1.158577837049961	-128972.29486477395	6928835.47459798	15
1425808096591	gps	52.8914155298844	-1.1586033180356026	-128975.13139512046	6928838.367260895	15
1425808097589	gps	52.891428396105766	-1.1586265359073877	-128977.7159967849	6928840.735388386	15
1425808098734	gps	52.8914258396253	-1.1586386058479548	-128979.05961642273	6928840.264848341	15
1425808099595	gps	52.8914197627455	-1.1586619913578033	-128981.66287947101	6928839.1463516215	15
1425808100599	gps	52.8914092015475	-1.1586829461157322	-128983.99555245333	6928837.202481835	15
1425808101593	gps	52.89139470085502	-1.1587094329297543	-128986.94405110303	6928834.533518538	15
1425808102598	gps	52.891375799663365	-1.158739272505045	-128990.26577742986	6928831.054611081	15
1425808103677	gps	52.891352036967874	-1.1587593890726566	-128992.5051434929	6928826.680909188	15
1425808104647	gps	52.89133720099926	-1.1587712913751602	-128993.83010174688	6928823.950239388	15
1425808105635	gps	52.89132802281529	-1.1587662622332573	-128993.2702602311	6928822.260927185	15
1425808106635	gps	52.891326933167875	-1.1587593890726566	-128992.5051434929	6928822.060369595	15
1425808107646	gps	52.89132840000093	-1.1587424576282501	-128990.62034372319	6928822.330350964	15
1425808108652	gps	52.891314486041665	-1.1587536893785	-128991.87065644171	6928819.769385184	15
1425808109648	gps	52.89129248354584	-1.1587963532656431	-128996.61997863375	6928815.719666885	15
1425808110653	gps	52.89128431119025	-1.1588416993618011	-129001.66788296752	6928814.215486326	15
1425808111658	gps	52.89126758929342	-1.1588736344128847	-129005.2228765926	6928811.137702383	15
1425808112662	gps	52.89125501643866	-1.1588930804282427	-129007.3875971202	6928808.823579903	15
1425808113688	gps	52.89125157985836	-1.1588958464562893	-129007.69550995388	6928808.191053209	15
1425808114671	gps	52.89125962648541	-1.1588902305811644	-129007.07035359461	6928809.672091402	15
1425808115591	gps	52.89126989431679	-1.1588697787374258	-129004.79366476386	6928811.561958245	15
1425808116678	gps	52.89128112606704	-1.1588598042726517	-129003.68331242425	6928813.629241673	20
1425808117681	gps	52.891280790790915	-1.1588589660823345	-129003.59000550497	6928813.567531714	20
1425808118582	gps	52.89129135198891	-1.158849662169814	-129002.55429870081	6928815.511395712	20
1425808119584	gps	52.89130606222898	-1.158834658563137	-129000.88410484546	6928818.218921363	20
1425808120585	gps	52.89132031146437	-1.1588171403855085	-128998.93399023222	6928820.841596661	20
1425808121583	gps	52.89132182020694	-1.1588106025010347	-128998.20619626173	6928821.119291743	20
1425808122633	gps	52.89131750352681	-1.1588168051093817	-128998.8966674645	6928820.324775283	20
1425808123633	gps	52.89132517296821	-1.1588199902325869	-128999.25123375782	6928821.736391961	20
1425808124740	gps	52.89133166894317	-1.1588290426880121	-129000.2589484862	6928822.932023771	20
1425808125642	gps	52.891348181292415	-1.1588356643915176	-129000.99607314862	6928825.9712435	20
1425808126646	gps	52.89135270752013	-1.1588572058826685	-129003.39406097445	6928826.804329313	20
1425808127640	gps	52.89135593455285	-1.1588759813457727	-129005.48413596663	6928827.398288697	20
1425808128646	gps	52.891370854340494	-1.1588748916983604	-129005.36283697153	6928830.144387208	20
1425808129656	gps	52.89138451684266	-1.1588761489838362	-129005.50279735048	6928832.659073754	20
1425808130649	gps	52.89140111301094	-1.1588743049651384	-129005.29752212802	6928835.713724741	20
1425808131669	gps	52.89141888264567	-1.1588724609464407	-129005.0922469056	6928838.984362454	20
1425808132652	gps	52.89142697118223	-1.1588600557297468	-129003.71130450004	6928840.4731201595	20
1425808133654	gps	52.891441555693746	-1.1588532663881779	-129002.95551845377	6928843.157513002	20
1425808134684	gps	52.891453499905765	-1.1588713712990284	-129004.97094791051	6928845.355938851	20
1425808135586	gps	52.89146691095084	-1.1588795855641365	-129005.88535571958	6928847.824347544	20
1425808136592	gps	52.891477262601256	-1.1588948406279087	-129007.58354165073	6928849.729651029	20
1425808137585	gps	52.89149364922196	-1.1589055694639683	-129008.77787021769	6928852.745739669	20
1425808138590	gps	52.89151376578957	-1.1589065752923489	-129008.88983852083	6928856.448356443	20
1425808139585	gps	52.89153082296252	-1.1589039769023657	-129008.60058707104	6928859.587868272	20
1425808140634	gps	52.891541509889066	-1.158904479816556	-129008.65657122259	6928861.554884914	20
1425808141629	gps	52.89155169390142	-1.158902132883668	-129008.39531184858	6928863.429336521	20
1425808142631	gps	52.89155986625701	-1.1589114367961884	-129009.43101865273	6928864.9335264005	20
1425808143635	gps	52.89157382212579	-1.1589072458446026	-129008.96448405627	6928867.502220551	20
1425808144637	gps	52.89159209467471	-1.1589101795107126	-129009.29105827378	6928870.8654369665	20
1425808145637	gps	52.8916029073298	-1.158905066549778	-129008.7218860661	6928872.85559781	20
1425808146649	gps	52.89161803666502	-1.1589067429304123	-129008.9084999047	6928875.64028107	20
1425808147640	gps	52.89162905886769	-1.1588998697698116	-129008.14338316649	6928877.669012148	20
1425808148642	gps	52.89164984598756	-1.1588952597230673	-129007.63019511037	6928881.495061523	20
1425808149646	gps	52.891667489893734	-1.1588970199227333	-129007.82613964089	6928884.742576652	20
1425808150651	gps	52.891694102436304	-1.1588789150118828	-129005.81071018415	6928889.640850205	20
1425808151649	gps	52.891702484339476	-1.1588616482913494	-129003.8885876467	6928891.183614155	20
1425808152667	gps	52.891708058305085	-1.158832311630249	-129000.62284547143	6928892.209552348	20
1425808153628	gps	52.89171606302261	-1.1588097643107176	-128998.11288934243	6928893.6828923905	20
1425808154613	gps	52.89172482211143	-1.1587935872375965	-128996.31206580008	6928895.295081545	20
1425808155620	gps	52.89173119235784	-1.1587838642299175	-128995.22970553627	6928896.467582953	20
1425808156616	gps	52.891736389137805	-1.158777829259634	-128994.55789571736	6928897.424097389	15
1425808157619	gps	52.89174552541226	-1.158772213384509	-128993.93273935809	6928899.105711757	15
1425808158671	gps	52.89176103193313	-1.1587553657591343	-128992.0572702803	6928901.959828703	15
1425808159619	gps	52.89177586790174	-1.1587425414472818	-128990.62967441512	6928904.690525335	15
1425808160619	gps	52.89179124869406	-1.158726867288351	-128988.88483502432	6928907.521502779	15
1425808161620	gps	52.891808012500405	-1.1587119475007057	-128987.2239718609	6928910.607037925	15
1425808162614	gps	52.891825530678034	-1.158694177865982	-128985.24586517188	6928913.831423437	15
1425808163616	gps	52.891839570365846	-1.1586784198880196	-128983.49169508916	6928916.415561097	15
1425808164668	gps	52.89185696281493	-1.1586634162813425	-128981.8215012338	6928919.61680742	15
1425808165667	gps	52.89186907466501	-1.158647071570158	-128980.0020163076	6928921.846109841	15
1425808166666	gps	52.891888855956495	-1.1586322356015444	-128978.35048383608	6928925.487048013	15
1425808167668	gps	52.89190126117319	-1.1586178187280893	-128976.74560482426	6928927.770349074	15
1425808168671	gps	52.89191366638988	-1.158606167882681	-128975.44863864608	6928930.053650791	15
1425808169674	gps	52.89191886316985	-1.1585929244756699	-128973.97438932123	6928931.010169274	15
1425808170678	gps	52.891928711906075	-1.1585868056863546	-128973.29324881038	6928932.82292639	15
1425808171679	gps	52.8919393569231	-1.1585801839828491	-128972.55612414797	6928934.782247315	15
1425808172684	gps	52.891953815706074	-1.1585727240890265	-128971.72569256625	6928937.443530448	15
1425808173684	gps	52.89196701720357	-1.1585629172623158	-128970.63400161052	6928939.873398433	15
1425808174686	gps	52.89198449347168	-1.1585516016930342	-128969.37435820006	6928943.09008196	15
1425808175689	gps	52.89199870079756	-1.1585350055247545	-128967.52688119805	6928945.705084635	15
1425808176691	gps	52.89200549013913	-1.158525450155139	-128966.46318231811	6928946.954732235	15
1425808177696	gps	52.8920154646039	-1.1585174035280943	-128965.56743589291	6928948.790634623	15
1425808178696	gps	52.89202518761158	-1.1585070937871933	-128964.41976078559	6928950.580254164	15
1425808179698	gps	52.89204086177051	-1.1584960296750069	-128963.18810945092	6928953.465245139	15
1425808180712	gps	52.892055991105735	-1.1584872286766768	-128962.20838679835	6928956.249956671	15
1425808181704	gps	52.892064498737454	-1.1584772542119026	-128961.09803445874	6928957.815875219	15
1425808182704	gps	52.89207476656884	-1.1584635078907013	-128959.56780098232	6928959.7057773275	15
1425808183706	gps	52.89208344183862	-1.1584505997598171	-128958.1308744252	6928961.302552113	15
1425808184711	gps	52.89209379348904	-1.1584399547427893	-128956.94587655018	6928963.207882833	15
1425808185715	gps	52.892104857601225	-1.1584308184683323	-128955.92883112987	6928965.244350179	15
1425808186716	gps	52.892114580608904	-1.158422939479351	-128955.05174608852	6928967.033973431	15
1425808187719	gps	52.892121872864664	-1.158413216471672	-128953.9693858247	6928968.376191134	15
1425808188719	gps	52.892126105725765	-1.1584049183875322	-128953.04564732371	6928969.155294617	15
1425808189621	gps	52.89213310461491	-1.158393518999219	-128951.77667322133	6928970.443515397	15
1425808190625	gps	52.89214752148837	-1.1583859752863646	-128950.93691094768	6928973.097096582	15
1425808191625	gps	52.89216512348503	-1.1583789344877005	-128950.15313282562	6928976.336935279	15
1425808192630	gps	52.89217928890139	-1.158370804041624	-128949.24805570848	6928978.944234999	15
1425808193623	gps	52.89219169411808	-1.1583632603287697	-128948.40829343484	6928981.227551434	15
1425808194689	gps	52.89220246486366	-1.1583535373210907	-128947.32593317103	6928983.210026034	15
1425808195681	gps	52.89221114013344	-1.1583407130092382	-128945.89833730584	6928984.806805545	15
1425808196683	gps	52.892219899222255	-1.1583253741264343	-128944.19082068276	6928986.419013205	15
1425808197685	gps	52.89223301690072	-1.1583152320235968	-128943.06180695932	6928988.8334683515	15
1425808198687	gps	52.89224743377417	-1.1583023238927126	-128941.6248804022	6928991.4870556835	15
1425808199690	gps	52.89226348511875	-1.158296288922429	-128940.95307058329	6928994.441486808	15
1425808200692	gps	52.89227232802659	-1.15828363224864	-128939.54413610196	6928996.069124269	15
1425808201697	gps	52.89228439796716	-1.1582722328603268	-128938.27516199958	6928998.290734232	15
1425808202696	gps	52.892297892831266	-1.1582643538713455	-128937.39807695821	6929000.77461833	15
1425808203698	gps	52.89231059141457	-1.1582578998059034	-128936.67961367965	6929003.111938549	15
1425808204704	gps	52.89232115261257	-1.158248595893383	-128935.64390687548	6929005.055848955	15
1425808205706	gps	52.89232974406332	-1.1582402139902115	-128934.71083768256	6929006.637204996	15
1425808206707	gps	52.89234126918018	-1.1582395434379578	-128934.63619214713	6929008.758536764	15
1425808207710	gps	52.892352836206555	-1.1582314129918814	-128933.73111502998	6929010.887583038	15
1425808208711	gps	52.892356691882014	-1.1582220252603292	-128932.68607753389	6929011.597265256	15
1425808209714	gps	52.89235979318619	-1.1582117155194283	-128931.53840242658	6929012.16809665	15
1425808210714	gps	52.892363355495036	-1.1582025792449713	-128930.52135700628	6929012.823781411	15
1425808211719	gps	52.8923703962937	-1.1581949517130852	-128929.67226404071	6929014.119723217	15
1425808212720	gps	52.892374377697706	-1.1581846419721842	-128928.5245889334	6929014.852547546	15
1425808213626	gps	52.892379867844284	-1.1581706441938877	-128926.9663633812	6929015.863073835	15
1425808214626	gps	52.89238447789103	-1.1581623461097479	-128926.0426248802	6929016.711607461	15
1425808215626	gps	52.89238690864295	-1.1581529583781958	-128924.99758738412	6929017.159016135	15
1425808216628	gps	52.89239394944161	-1.1581403855234385	-128923.59798359472	6929018.4549586475	15
1425808217629	gps	52.892401199787855	-1.1581307463347912	-128922.52495402284	6929019.789471099	15
1425808218674	gps	52.892409497871995	-1.1581238731741905	-128921.75983728463	6929021.316832446	15
1425808219671	gps	52.89242542348802	-1.158115491271019	-128920.8267680917	6929024.248132822	15
1425808220672	gps	52.89243036881089	-1.1581023316830397	-128919.3618494588	6929025.158378949	15
1425808221675	gps	52.89243849925697	-1.1580889206379652	-128917.86893875009	6929026.654885522	15
1425808222677	gps	52.89244554005563	-1.158077772706747	-128916.6279567235	6929027.950829582	15
1425808223681	gps	52.8924541734159	-1.1580646969377995	-128915.17236878251	6929029.539904139	15
1425808224688	gps	52.89246167521924	-1.1580532137304544	-128913.8940639882	6929030.920702189	15
1425808225684	gps	52.89246599189937	-1.1580424010753632	-128912.6904047293	6929031.715239724	15
1425808226685	gps	52.89247441571206	-1.1580335162580013	-128911.70135138479	6929033.26574524	15
1425808227687	gps	52.89248292334378	-1.1580228712409735	-128910.51635350977	6929034.831678982	15
1425808228693	gps	52.892491053789854	-1.158012980595231	-128909.41533186211	6929036.328187374	15
1425808229691	gps	52.89249838795513	-1.1579999886453152	-128907.96907461307	6929037.678130757	15
1425808230697	gps	52.892506308853626	-1.1579889245331287	-128906.73742327838	6929039.136069866	15
1425808231713	gps	52.89251607377082	-1.157980291172862	-128905.77636200967	6929040.93342374	15
1425808232713	gps	52.89252336602658	-1.1579769384115934	-128905.40313433249	6929042.275653937	15
1425808233624	gps	52.892535855062306	-1.1579683888703585	-128904.4514037557	6929044.574416525	15
1425808234623	gps	52.89254792500287	-1.1579565703868866	-128903.13577619367	6929046.796040062	15
1425808235628	gps	52.89256301242858	-1.157942907884717	-128901.61487340917	6929049.573070356	15
1425808236684	gps	52.89257902186364	-1.157925808802247	-128899.7114122556	6929052.51980912	15
1425808237626	gps	52.89259469602257	-1.1579085420817137	-128897.78928971814	6929055.404837137	15
1425808238626	gps	52.89261016063392	-1.157892281189561	-128895.97913548385	6929058.251296288	15
1425808239632	gps	52.89260986726731	-1.157874595373869	-128894.01035948675	6929058.19729841	15
1425808240632	gps	52.89261854253709	-1.1578564066439867	-128891.98559933809	6929059.7940930035	15
1425808241637	gps	52.89262047037482	-1.1578364577144384	-128889.76489465892	6929060.14893629	15
1425808242674	gps	52.89261707570404	-1.1578211188316345	-128888.05737803584	6929059.524103556	15
1425808243670	gps	52.89262244012207	-1.1578124016523361	-128887.0869860752	6929060.511493578	15
1425808244675	gps	52.89262948092073	-1.1578119825571775	-128887.04033261554	6929061.807443166	15
1425808245679	gps	52.89262818172574	-1.1578119825571775	-128887.04033261554	6929061.568309595	15
1425808246683	gps	52.89262788835913	-1.1578113120049238	-128886.96568708011	6929061.514311695	15
1425808247686	gps	52.89262788835913	-1.1578113120049238	-128886.96568708011	6929061.514311695	15
1425808248691	gps	52.89262788835913	-1.1578113120049238	-128886.96568708011	6929061.514311695	15
1425808249700	gps	52.89262788835913	-1.1578113120049238	-128886.96568708011	6929061.514311695	10
1425808250704	gps	52.89262788835913	-1.1578113120049238	-128886.96568708011	6929061.514311695	10
1425808251704	gps	52.89262788835913	-1.1578113120049238	-128886.96568708011	6929061.514311695	10
1425808252615	gps	52.89262432605028	-1.1578049417585135	-128886.25655449348	6929060.858622912	10
1425808253619	gps	52.89263061247766	-1.1577979009598494	-128885.4727763714	6929062.015720799	10
1425808254690	gps	52.892638156190515	-1.1577792093157768	-128883.39203207118	6929063.404238488	10
1425808255685	gps	52.89264641236514	-1.1577598471194506	-128881.2366422355	6929064.923894234	10
1425808256688	gps	52.8926571412012	-1.1577395629137754	-128878.97861478859	6929066.8986757435	10
1425808257690	gps	52.89266807958484	-1.157714333385229	-128876.17007651787	6929068.912027709	15
1425808258698	gps	52.892672563903034	-1.1576876789331436	-128873.20291648433	6929069.737425022	10
1425808259697	gps	52.89267491083592	-1.1576725076884031	-128871.51406124512	6929070.169408697	10
1425808260697	gps	52.89266833104193	-1.1576639581471682	-128870.56233066833	6929068.958311668	10
1425808261703	gps	52.8926605777815	-1.1576540675014257	-128869.46130902065	6929067.531223048	10
1425808262700	gps	52.89265437517315	-1.1576474457979202	-128868.72418435823	6929066.389552339	10
1425808263706	gps	52.89264708291739	-1.1576356273144484	-128867.40855679622	6929065.047318065	10
1425808264709	gps	52.89264134131372	-1.157623054459691	-128866.0089530068	6929063.990501584	10
1425808265617	gps	52.89263312704861	-1.157611571252346	-128864.73064821247	6929062.478560002	10
1425808266706	gps	52.89262881036848	-1.1575979087501764	-128863.209745428	6929061.684019388	10
1425808267712	gps	52.8926225239411	-1.1575808934867382	-128861.31561496634	6929060.526921548	10
1425808268712	gps	52.89261229801923	-1.157567398622632	-128859.81337356572	6929058.644709421	10
1425808269618	gps	52.89260643068701	-1.1575484555214643	-128857.70463718969	6929057.564751847	10
1425808270615	gps	52.892594151198864	-1.1575316917151213	-128855.83849880383	6929055.304555397	10
1425808271619	gps	52.892582206986845	-1.1575141735374928	-128853.88838419059	6929053.1060714135	10
1425808272668	gps	52.892575124278665	-1.1575066298246384	-128853.04862191695	6929051.802409267	10
1425808273621	gps	52.8925707237795	-1.1574994213879108	-128852.24618241102	6929050.992441771	10
1425808274618	gps	52.89256598800421	-1.1574891116470098	-128851.09850730372	6929050.120762556	10
1425808275613	gps	52.892562258057296	-1.1574811488389969	-128850.21209157043	6929049.434218818	10
1425808276620	gps	52.89255613926798	-1.1574776284396648	-128849.82020250939	6929048.307978658	10
1425808277614	gps	52.892553373239934	-1.15747201256454	-128849.19504615013	6929047.798856446	10
1425808278713	gps	52.89254842791706	-1.1574671510607004	-128848.65386601824	6929046.888607722	10
1425808279615	gps	52.892544656060636	-1.1574610322713852	-128847.97272550738	6929046.194350291	10
1425808280619	gps	52.89253803435713	-1.1574470344930887	-128846.4144999552	6929044.975542951	10
1425808281621	gps	52.89253149647266	-1.1574338749051094	-128844.94958132229	6929043.772163733	10
1425808282622	gps	52.892522318288684	-1.157418955117464	-128843.28871815884	6929042.082804755	10
1425808283622	gps	52.89251427166164	-1.1574030295014381	-128841.51588669229	6929040.601723208	10
1425808284669	gps	52.89250513538718	-1.157390708103776	-128840.14427497868	6929038.920078869	10
1425808285665	gps	52.892491850070655	-1.1573767941445112	-128838.59538011841	6929036.474752645	10
1425808286667	gps	52.89248124696314	-1.1573569290339947	-128836.38400613113	6929034.523120584	10
1425808287679	gps	52.89247139822692	-1.1573399137705564	-128834.48987566947	6929032.710340245	10
1425808288671	gps	52.89246004074812	-1.157323569059372	-128832.67039074325	6929030.619857903	10
1425808289676	gps	52.89244721643627	-1.1573026981204748	-128830.34704845285	6929028.259387723	10
1425808290675	gps	52.89243497885764	-1.1572837550193071	-128828.23831207684	6929026.00691357	10
1425808291677	gps	52.892419514246285	-1.1572607886046171	-128825.68170248819	6929023.160465979	10
1425808292679	gps	52.89241037797183	-1.157244946807623	-128823.91820171355	6929021.478825333	10
1425808293681	gps	52.89240187034011	-1.1572332959622145	-128822.62123553538	6929019.9128942285	10
1425808294688	gps	52.89239424280822	-1.1572205554693937	-128821.2029703621	6929018.508956257	10
1425808295691	gps	52.89238468743861	-1.1572090722620487	-128819.92466556779	6929016.750177174	10
1425808296689	gps	52.89237366523594	-1.1571952421218157	-128818.38510139944	6929014.721410554	10
1425808297695	gps	52.89236197248101	-1.1571808252483606	-128816.78022238759	6929012.569221441	10
1425808298698	gps	52.89235484786332	-1.157172778621316	-128815.88447596238	6929011.257852014	10
1425808299608	gps	52.89234843570739	-1.1571678332984447	-128815.33396513856	6929010.0776197165	10
1425808300702	gps	52.892340598627925	-1.1571594513952732	-128814.40089594561	6929008.635113811	10
1425808301605	gps	52.892332090996206	-1.1571467947214842	-128812.99196146429	6929007.069185238	10
1425808302659	gps	52.892320859245956	-1.157135060057044	-128811.68566459416	6929005.001851438	10
1425808303605	gps	52.89231201633811	-1.1571215651929379	-128810.18342319356	6929003.374212148	10
1425808304701	gps	52.89229889865965	-1.1571057233959436	-128808.41992241889	6929000.959752579	10
1425808305605	gps	52.89228355977684	-1.1570899654179811	-128806.66575233618	6928998.136455742	10
1425808306705	gps	52.892267759889364	-1.1570705194026232	-128804.50103180857	6928995.22830677	10
1425808307603	gps	52.89225577376783	-1.1570503190159798	-128802.2523350536	6928993.022125503	10
1425808308699	gps	52.89224127307534	-1.1570323817431927	-128800.25556698072	6928990.3531098245	10
1425808309599	gps	52.892228700220585	-1.1570186354219913	-128798.72533350432	6928988.038935106	10
1425808310603	gps	52.89221440907568	-1.1570028774440289	-128796.97116342161	6928985.4084906615	10
1425808311603	gps	52.89220196194947	-1.156992819160223	-128795.85148039009	6928983.117459116	10
1425808312606	gps	52.89219219703227	-1.1569837667047977	-128794.84376566172	6928981.32011833	10
1425808313614	gps	52.89218180347234	-1.1569759715348482	-128793.97601131228	6928979.407069359	10
1425808314650	gps	52.89217400830239	-1.1569681763648987	-128793.10825696285	6928977.972282932	10
1425808315652	gps	52.89216147735715	-1.1569565255194902	-128791.81129078467	6928975.6658257255	10
1425808316654	gps	52.892151083797216	-1.1569450423121452	-128790.53298599036	6928973.752778114	10
1425808317656	gps	52.89213989395648	-1.1569326370954514	-128789.1520435848	6928971.69316689	10
1425808318657	gps	52.89212790783495	-1.156919226050377	-128787.65913287613	6928969.486992162	10
1425808319660	gps	52.8921172209084	-1.1569086648523808	-128786.48346569302	6928967.51994878	10
1425808320667	gps	52.89210774935782	-1.1569020431488752	-128785.7463410306	6928965.776608775	10
1425808321666	gps	52.89210326503962	-1.1569035518914461	-128785.91429348533	6928964.951222272	10
1425808322741	gps	52.892102426849306	-1.1569178849458694	-128787.50984180524	6928964.796944429	10
1425808323675	gps	52.89209308102727	-1.1569292843341827	-128788.77881590764	6928963.076746695	10
1425808324676	gps	52.892076945863664	-1.1569426953792572	-128790.27172661632	6928960.1068994645	10
1425808325743	gps	52.89206194225699	-1.1569558549672365	-128791.73664524924	6928957.345328234	10
1425808326680	gps	52.89205435663462	-1.1569734569638968	-128793.6960905544	6928955.949115212	10
1425808327684	gps	52.892054482363164	-1.1569919809699059	-128795.7581734708	6928955.972256863	10
1425808328651	gps	52.89205435663462	-1.1570076551288366	-128797.50301286158	6928955.949115212	10
1425808329960	gps	52.892051129601896	-1.1570118460804224	-128797.96954745804	6928955.355146211	10
1425808330602	gps	52.89204677101225	-1.157012851908803	-128798.0815157612	6928954.552902435	10
1425808331659	gps	52.89204316679388	-1.1570090800523758	-128797.66163462437	6928953.889508605	10
1425808332662	gps	52.89204463362694	-1.1570105887949467	-128797.8295870791	6928954.15949446	10
1425808333677	gps	52.892042035236955	-1.1570110078901052	-128797.87624053874	6928953.681233808	10
1425808334675	gps	52.892042035236955	-1.1570110078901052	-128797.87624053874	6928953.681233808	10
1425808335674	gps	52.892042035236955	-1.1570110078901052	-128797.87624053874	6928953.681233808	10
1425808336684	gps	52.89203801192343	-1.1569986026734114	-128796.4952981332	6928952.940701247	10
1425808337677	gps	52.89203797001392	-1.1569782346487045	-128794.22793999437	6928952.932987366	10
1425808338679	gps	52.89203537162393	-1.1569579504430294	-128791.96991254747	6928952.45472679	10
1425808339690	gps	52.89203168358654	-1.156943617388606	-128790.37436422755	6928951.775905376	10
1425808340585	gps	52.892025229521096	-1.1569343134760857	-128789.3386574234	6928950.587968044	10
1425808341587	gps	52.892012908123434	-1.1569281108677387	-128788.64818622063	6928948.3200881705	10
1425808342691	gps	52.89200117345899	-1.1569222435355186	-128787.99503778557	6928946.160203181	10
1425808343588	gps	52.89198813959956	-1.156907407566905	-128786.34350531407	6928943.761188759	10
1425808344654	gps	52.89197116624564	-1.1568903923034668	-128784.44937485243	6928940.637071382	10
1425808345590	gps	52.8919586353004	-1.156876226887107	-128782.87248791636	6928938.330625021	10
1425808346686	gps	52.89194597862661	-1.1568691860884428	-128782.0887097943	6928936.001037738	10
1425808347687	gps	52.89193420205265	-1.1568600498139858	-128781.071664374	6928933.83344224	10
1425808348692	gps	52.891923850402236	-1.1568543501198292	-128780.43717732282	6928931.928118571	10
1425808349691	gps	52.89191743824631	-1.1568450462073088	-128779.40147051864	6928930.7478980655	10
1425808350693	gps	52.89191102609038	-1.1568386759608984	-128778.69233793202	6928929.567677735	10
1425808351698	gps	52.89190046489239	-1.156832640990615	-128778.0205281131	6928927.62378581	10
1425808352604	gps	52.891891286708415	-1.1568307969719172	-128777.81525289066	6928925.9344515465	10
1425808353603	gps	52.89188223425299	-1.1568257678300142	-128777.2554113749	6928924.268259201	10
1425808354607	gps	52.89187343325466	-1.1568194814026356	-128776.5556094802	6928922.648350312	10
1425808355603	gps	52.891857172362506	-1.1568032205104828	-128774.7454552459	6928919.655376662	10
1425808356668	gps	52.89184489287436	-1.156801376491785	-128774.54018002345	6928917.395219472	10
1425808357665	gps	52.89183156564832	-1.1567950062453747	-128773.83104743683	6928914.942216834	10
1425808358667	gps	52.89182008244097	-1.156794922426343	-128773.8217167449	6928912.828623976	10
1425808359669	gps	52.89181052707136	-1.15679282695055	-128773.58844944666	6928911.069868302	10
1425808360674	gps	52.891804282553494	-1.156796095892787	-128773.95234643192	6928909.920506252	10
1425808362349	gps	52.891800845973194	-1.15680112503469	-128774.51218794766	6928909.287971503	10
1425808362700	gps	52.891794978640974	-1.1567973531782627	-128774.09230681087	6928908.208034244	10
1425808363697	gps	52.891786554828286	-1.1567888036370277	-128773.14057623404	6928906.657553151	10
1425808364712	gps	52.891777670010924	-1.1567767336964607	-128771.79695659623	6928905.022220188	10
1425808365695	gps	52.89177050348371	-1.1567680165171623	-128770.82656463557	6928903.703154693	10
1425808366699	gps	52.89176124148071	-1.1567561980336905	-128769.51093707354	6928901.998397858	10
1425808367600	gps	52.891763085499406	-1.1567346565425396	-128767.11294924769	6928902.33780643	10
1425808368697	gps	52.89175977464765	-1.1567032244056463	-128763.6139397742	6928901.728413777	10
1425808369723	gps	52.89176170248538	-1.156674725934863	-128760.44150451822	6928902.083249999	10
1425808370610	gps	52.89176270831376	-1.1566522624343634	-128757.94087908117	6928902.268381949	10
1425808371604	gps	52.89176404941827	-1.1566329840570688	-128755.79481993741	6928902.515224552	10
1425808372600	gps	52.891761283390224	-1.156618483364582	-128754.18061023363	6928902.006111688	10
1425808373635	gps	52.89176061283797	-1.1565939243882895	-128751.44671749833	6928901.882690393	10
1425808374699	gps	52.89175688289106	-1.1565721314400434	-128749.02073759671	6928901.196159475	15
1425808375934	gps	52.89175365585834	-1.1565408669412136	-128745.54038950708	6928900.60219457	15
1425808376604	gps	52.891754787415266	-1.156513961032033	-128742.54523739775	6928900.810467971	15
1425808377595	gps	52.891760780476034	-1.1564925871789455	-128740.16591095575	6928901.9135457175	15
1425808378620	gps	52.89177343714982	-1.156467441469431	-128737.36670337695	6928904.243122999	15
1425808379599	gps	52.89178299251944	-1.1564484145492315	-128735.248636309	6928906.001877158	15
1425808380694	gps	52.89178634528071	-1.1564316507428885	-128733.38249792314	6928906.618983975	15
1425808381696	gps	52.891783034428954	-1.1564117018133402	-128731.16179324394	6928906.009590994	15
1425808382601	gps	52.89177926257253	-1.156392926350236	-128729.07171825178	6928905.315345883	15
1425808383695	gps	52.89178186096251	-1.156373145058751	-128726.86967495646	6928905.793603619	15
1425808384601	gps	52.891782531514764	-1.1563525255769491	-128724.57432474183	6928905.917024976	15
1425808386000	gps	52.89178705774248	-1.1563317384570837	-128722.26031314334	6928906.750119179	15
1425808386730	gps	52.891792841255665	-1.1563101969659328	-128719.86232531752	6928907.814628567	15
1425808387593	gps	52.89180168416351	-1.156283374875784	-128716.87650390012	6928909.442248266	15
1425808388600	gps	52.891809437423944	-1.1562681198120117	-128715.17831796898	6928910.86930847	15
1425808389604	gps	52.891814592294395	-1.1562496796250343	-128713.12556574451	6928911.8181107985	15
1425808390741	gps	52.89181635249406	-1.1562345921993256	-128711.44604119724	6928912.142092109	15
1425808391603	gps	52.89181471802294	-1.1562138888984919	-128709.1413602907	6928911.841252322	15
1425808392697	gps	52.891811658628285	-1.1561894975602627	-128706.42612893925	6928911.278141978	15
1425808393604	gps	52.89181270636618	-1.1561536230146885	-128702.4325927935	6928911.470987983	15
1425808394606	gps	52.891815095208585	-1.1561305727809668	-128699.86665251292	6928911.910676887	15
1425808395604	gps	52.89181082043797	-1.156106349080801	-128697.17008254534	6928911.12386518	15
1425808396610	gps	52.891809646971524	-1.1560853943228722	-128694.837409563	6928910.907877668	15
1425808397617	gps	52.891808934509754	-1.1560644395649433	-128692.50473658068	6928910.776742394	15
1425808398656	gps	52.8918040310964	-1.156044490635395	-128690.28403190148	6928909.874223218	15
1425808399609	gps	52.8918127482757	-1.1560321692377329	-128688.91242018787	6928911.4787018215	15
1425808400611	gps	52.891836636699736	-1.1560181714594364	-128687.35419463569	6928915.8755919635	15
1425808401609	gps	52.8918368043378	-1.1560128908604383	-128686.76636104412	6928915.906447341	15
1425808402603	gps	52.89183651097119	-1.156010963022709	-128686.55175512975	6928915.85245043	15
1425808403607	gps	52.891835630871356	-1.1560111306607723	-128686.5704165136	6928915.690459697	15
1425808404666	gps	52.891835630871356	-1.1560111306607723	-128686.5704165136	6928915.690459697	15
1425808405605	gps	52.891835630871356	-1.1560111306607723	-128686.5704165136	6928915.690459697	10
1425808406606	gps	52.891835630871356	-1.1560111306607723	-128686.5704165136	6928915.690459697	10
1425808407611	gps	52.891835630871356	-1.1560111306607723	-128686.5704165136	6928915.690459697	10
1425808408615	gps	52.891835630871356	-1.1560111306607723	-128686.5704165136	6928915.690459697	10
1425808409610	gps	52.891835630871356	-1.1560111306607723	-128686.5704165136	6928915.690459697	10
1425808410655	gps	52.891835630871356	-1.1560111306607723	-128686.5704165136	6928915.690459697	10
1425808411648	gps	52.891835630871356	-1.1560111306607723	-128686.5704165136	6928915.690459697	10
1425808412653	gps	52.891835630871356	-1.1560111306607723	-128686.5704165136	6928915.690459697	10
1425808413658	gps	52.891835630871356	-1.1560111306607723	-128686.5704165136	6928915.690459697	10
1425808414662	gps	52.891835630871356	-1.1560111306607723	-128686.5704165136	6928915.690459697	10
1425808415663	gps	52.891835630871356	-1.1560111306607723	-128686.5704165136	6928915.690459697	5
1425808416672	gps	52.891835630871356	-1.1560111306607723	-128686.5704165136	6928915.690459697	5
1425808417670	gps	52.891835630871356	-1.1560111306607723	-128686.5704165136	6928915.690459697	5
1425808418671	gps	52.891835630871356	-1.1560111306607723	-128686.5704165136	6928915.690459697	5
1425808419673	gps	52.891835630871356	-1.1560111306607723	-128686.5704165136	6928915.690459697	5
1425808420679	gps	52.89181626867503	-1.1560195963829756	-128687.51281639848	6928912.126664427	10
1425808421683	gps	52.891810652799904	-1.1560328397899866	-128688.98706572331	6928911.093009821	10
1425808422683	gps	52.891806713305414	-1.1560487654060125	-128690.75989718988	6928910.367908909	10
1425808423689	gps	52.89180759340525	-1.1560673732310534	-128692.8313107982	6928910.529899532	10
1425808424692	gps	52.891805288381875	-1.1560844723135233	-128694.7347719518	6928910.105638383	10
1425808425695	gps	52.89180197753012	-1.1561014875769615	-128696.62890241346	6928909.496245136	10
1425808426695	gps	52.89179929532111	-1.1561215203255415	-128698.85893778455	6928909.002559499	10
1425808427599	gps	52.89180432446301	-1.15614197216928	-128701.13562661532	6928909.928220091	10
1425808428694	gps	52.89180742576718	-1.1561624240130186	-128703.41231544607	6928910.499044176	10
1425808429609	gps	52.8918064199388	-1.156179690733552	-128705.33443798352	6928910.313912034	10
1425808430700	gps	52.89180621039122	-1.1561969574540854	-128707.25656052097	6928910.275342841	10
1425808431704	gps	52.89180206134915	-1.1562112905085087	-128708.85210884087	6928909.511672811	10
1425808432609	gps	52.89179887622595	-1.156226797029376	-128710.57828684783	6928908.925421121	10
1425808433703	gps	52.891795062460005	-1.1562416329979897	-128712.22981931931	6928908.223461919	10
1425808434701	gps	52.89178802166134	-1.1562557145953178	-128713.79737556344	6928906.927537398	10
1425808435603	gps	52.89177616126835	-1.1562687065452337	-128715.24363281249	6928904.744522172	10
1425808436606	gps	52.89177448488772	-1.1562923435121775	-128717.87488793656	6928904.43596883	10
1425808437605	gps	52.89177578408271	-1.156313382089138	-128720.21689161083	6928904.675097669	10
1425808438608	gps	52.891774945892394	-1.1563367675989866	-128722.82015465912	6928904.520820997	10
1425808439611	gps	52.89177356287837	-1.1563600692898035	-128725.41408701547	6928904.266264497	10
1425808440660	gps	52.891771299764514	-1.1563842929899693	-128728.11065698304	6928903.8497175155	10
1425808441654	gps	52.89176819846034	-1.1564093548804522	-128730.90053386994	6928903.278893907	10
1425808442657	gps	52.89176375605166	-1.156435925513506	-128733.85836321152	6928902.461227732	10
1425808443659	gps	52.89176166057587	-1.1564608197659254	-128736.62957871454	6928902.075536168	10
1425808444661	gps	52.89175658952445	-1.1564868036657572	-128739.52209321264	6928901.142162663	10
1425808445662	gps	52.89175746962428	-1.156515721231699	-128742.74118192827	6928901.304153097	10
1425808446668	gps	52.89175981655717	-1.1565377656370401	-128745.19515390568	6928901.736127607	10
1425808447667	gps	52.89176153484732	-1.1565606482326984	-128747.74243280238	6928902.052394675	10
1425808448669	gps	52.891763714142144	-1.1565847042948008	-128750.42034138611	6928902.453513901	10
1425808449675	gps	52.89176467806101	-1.1566130351275206	-128753.57411525823	6928902.630932025	10
1425808450678	gps	52.89176912046969	-1.1566370073705912	-128756.24269315002	6928903.448598218	10
1425808451678	gps	52.89177620317787	-1.156660309061408	-128758.83662550637	6928904.752236004	10
1425808452680	gps	52.8917815675959	-1.1566820181906223	-128761.25327471607	6928905.739606776	10
1425808453682	gps	52.89178927894682	-1.1566998716443777	-128763.24071209703	6928907.158952477	10
1425808454687	gps	52.89179854094982	-1.1567173898220062	-128765.19082671024	6928908.86371042	10
1425808455688	gps	52.89180767722428	-1.1567353270947933	-128767.18759478313	6928910.545327213	10
1425808456692	gps	52.891816813498735	-1.1567525938153267	-128769.10971732058	6928912.226944358	10
1425808457691	gps	52.89182812906802	-1.1567673459649086	-128770.75191910015	6928914.3096816875	10
1425808458693	gps	52.89183810353279	-1.1567792482674122	-128772.07687735412	6928916.1455765255	10
1425808459699	gps	52.89184941910207	-1.1567876301705837	-128773.00994654706	6928918.22831488	10
1425808460612	gps	52.89185977075249	-1.156795173883438	-128773.8497088207	6928920.133635261	10
1425808461602	gps	52.89186940994114	-1.156802298501134	-128774.64281763468	6928921.907820644	10
1425808462604	gps	52.891877917572856	-1.1568142008036375	-128775.96777588865	6928923.473732418	10
1425808463604	gps	52.8918875567615	-1.156826689839363	-128777.35804898613	6928925.247918548	10
1425808464660	gps	52.89189883042127	-1.1568380892276764	-128778.62702308851	6928927.3229454355	10
1425808465603	gps	52.89190821815282	-1.1568509135395288	-128780.05461895371	6928929.05084928	10
1425808466702	gps	52.89191995281726	-1.1568641569465399	-128781.52886827855	6928931.210729615	10
1425808467608	gps	52.891935585066676	-1.156874718144536	-128782.70453546163	6928934.087999688	10
1425808468605	gps	52.89195104967803	-1.1568829324096441	-128783.6189432707	6928936.934415343	10
1425808469603	gps	52.8919644607231	-1.1568898893892765	-128784.39339070086	6928939.40285251	10
1425808470788	gps	52.891974770464	-1.1569008696824312	-128785.61571134358	6928941.300464104	10
1425808471606	gps	52.8919869242236	-1.156911849975586	-128786.83803198632	6928943.537486486	10
1425808472613	gps	52.89199949707836	-1.1569213215261698	-128787.89240017434	6928945.851648232	10
1425808473611	gps	52.892010561190546	-1.156931295990944	-128789.00275251394	6928947.888111127	10
1425808474609	gps	52.89201688952744	-1.1569456290453672	-128790.59830083387	6928949.052906427	10
1425808475612	gps	52.892023427411914	-1.1569581180810928	-128791.98857393132	6928950.256271286	10
1425808476664	gps	52.89203243795782	-1.1569690145552158	-128793.20156388215	6928951.914755207	10
1425808477661	gps	52.89203776046634	-1.1569861974567175	-128795.11435572767	6928952.894417964	10
1425808478663	gps	52.892045765183866	-1.156998099759221	-128796.43931398162	6928954.367769268	10
1425808479667	gps	52.89204874075949	-1.1570090800523758	-128797.66163462437	6928954.9154549	10
1425808480691	gps	52.89205037523061	-1.1570271849632263	-128799.67706408112	6928955.216296322	10
1425808481675	gps	52.892050836235285	-1.1570436134934425	-128801.50587969927	6928955.301149031	10
1425808482673	gps	52.89205674547702	-1.1570530012249947	-128802.55091719535	6928956.38880658	10
1425808483675	gps	52.892056200653315	-1.1570509057492018	-128802.31764989712	6928956.28852609	10
1425808484684	gps	52.892055907286704	-1.1570504866540432	-128802.27099643747	6928956.234528903	10
1425808485678	gps	52.89206139743328	-1.157053504139185	-128802.60690134691	6928957.245047734	10
1425808486704	gps	52.89206688757986	-1.1570553481578827	-128802.81217656936	6928958.25556669	10
1425808487682	gps	52.89207376074046	-1.1570604611188173	-128803.38134877705	6928959.52064404	10
1425808488712	gps	52.89207803551108	-1.157066160812974	-128804.01583582826	6928960.307460545	10
1425808489585	gps	52.89208616595715	-1.157072028145194	-128804.6689842633	6928961.803954889	10
1425808490588	gps	52.89208692032844	-1.157070267945528	-128804.4730397328	6928961.942804894	10
1425808491611	gps	52.89208859670907	-1.157072950154543	-128804.77162187453	6928962.25136047	10
1425808492615	gps	52.89208587259054	-1.1570730339735746	-128804.78095256645	6928961.749957665	10
1425808493612	gps	52.89208562113345	-1.1570685915648937	-128804.2864258942	6928961.703674332	10
1425808494626	gps	52.89208377711475	-1.15706205368042	-128803.55863192372	6928961.364263221	10
1425808495627	gps	52.892081891186535	-1.1570541746914387	-128802.68154688235	6928961.01713824	10
1425808496630	gps	52.89207958616316	-1.157041098922491	-128801.22595894139	6928960.592874391	10
1425808497633	gps	52.89207241963595	-1.157030537724495	-128800.05029175828	6928959.273799663	10
1425808498633	gps	52.89206768386066	-1.1570219043642282	-128799.08923048957	6928958.402130519	10
1425808499634	gps	52.89207103662193	-1.1570164561271667	-128798.48273551416	6928959.0192414075	10
1425808500644	gps	52.89207434747368	-1.1570263467729092	-128799.58375716182	6928959.6286384575	10
1425808501640	gps	52.892076233401895	-1.1570265144109726	-128799.60241854568	6928959.9757633805	15
1425808502645	gps	52.892074598930776	-1.1570214852690697	-128799.04257702992	6928959.674921782	15
1425808503648	gps	52.89207749068737	-1.157016959041357	-128798.53871966572	6928960.207180004	15
1425808504651	gps	52.89208075962961	-1.1570058949291706	-128797.30706833105	6928960.808863256	15
1425808505650	gps	52.89208901580423	-1.1569929867982864	-128795.87014177394	6928962.328499367	15
1425808506664	gps	52.892095847055316	-1.15697605535388	-128793.9853420042	6928963.585863475	15
1425808507598	gps	52.892101714387536	-1.1569545976817608	-128791.5966848703	6928964.665808266	15
1425808508598	gps	52.89211663417518	-1.156938336789608	-128789.78653063599	6928967.411954255	15
1425808509602	gps	52.89212807547301	-1.156922997906804	-128788.07901401294	6928969.51784775	15
1425808510599	gps	52.89213343989104	-1.1569092515856028	-128786.54878053653	6928970.505226577	15
1425808511605	gps	52.89214039687067	-1.1569019593298435	-128785.73701033868	6928971.785733676	15
1425808512645	gps	52.89214768912643	-1.1569174658507109	-128787.4631883456	6928973.127952182	15
1425808513603	gps	52.89215125143528	-1.1569231655448675	-128788.09767539678	6928973.783633719	15
1425808514593	gps	52.89215053897351	-1.156919812783599	-128787.72444771964	6928973.652497406	15
1425808515594	gps	52.89215087424964	-1.1569144483655691	-128787.12728343616	6928973.714208613	15
1425808516596	gps	52.892149994149804	-1.156912101432681	-128786.86602406212	6928973.552216698	15
1425808517596	gps	52.892145845107734	-1.156910676509142	-128786.70740229933	6928972.788540584	15
1425808518652	gps	52.89214173797518	-1.1569125205278397	-128786.91267752176	6928972.032578442	15
1425808519644	gps	52.892139977775514	-1.1569246742874384	-128788.26562785152	6928971.708594688	15
1425808520646	gps	52.89213696029037	-1.156939510256052	-128789.917160323	6928971.153193998	15
1425808521648	gps	52.89213658310473	-1.156944539397955	-128790.47700183878	6928971.083768914	15
1425808522650	gps	52.89213658310473	-1.1569497361779213	-128791.0555047384	6928971.083768914	15
1425808523652	gps	52.892139768227935	-1.156955100595951	-128791.65266902187	6928971.670025194	15
1425808524654	gps	52.89214140269905	-1.1569670028984547	-128792.97762727585	6928971.970867249	15
1425808525659	gps	52.892133607529104	-1.1569839343428612	-128794.86242704556	6928970.536082164	15
1425808526659	gps	52.892123172059655	-1.1569949984550476	-128796.09407838024	6928968.615321899	15
1425808527663	gps	52.89211663417518	-1.1570006143301725	-128796.7192347395	6928967.411954255	15
1425808528670	gps	52.892112233676016	-1.1570076551288366	-128797.50301286158	6928966.601995367	15
1425808529666	gps	52.892108084633946	-1.1570227425545454	-128799.18253740887	6928965.838319921	15
1425808530667	gps	52.892102929763496	-1.1570359021425247	-128800.64745604176	6928964.889511135	15
